Workbook
Name _C65800: #REF!
Name _C658000: #REF!
Name _C66000: #REF!
Name _C67000: #REF!
Name _C68000: #REF!

Sheet wells group 
B2: =[1]SIT!AQ2 -> WELLS No. | C2: =[1]SIT!AR2 -> REP. G.RATE M3/D | D2: =[1]SIT!AS2 -> REP. W.C % VOL | E2: =[1]SIT!AT2 -> REP. NET M3/D | F2: =[1]SIT!AU2 -> TEST G.RATE M3/D | G2: =[1]SIT!AV2 -> ACT. W.C % VOL | H2: =[1]SIT!AW2 -> ACT. NET M3/D | I2: =[1]SIT!AX2 -> DIFF. M3 NET | J2: PLATF.
A3: 1 | B3: =[1]SIT!AQ3 -> 113M-01 | C3: =[1]SIT!AR3 -> 75 | D3: =[1]SIT!AS3 -> 66 | E3: =[1]SIT!AT3 -> 25.5 | F3: =[1]SIT!AU3 -> 85 | G3: =[1]SIT!AV3 -> 68.6 | H3: =[1]SIT!AW3 -> 26.69 | I3: =[1]SIT!AX3 -> 1.19 | J3: 113M-1
A4: 2 | B4: =[1]SIT!AQ32 -> 113M-77 H | C4: =[1]SIT!AR32 -> 170 | D4: =[1]SIT!AS32 -> 85 | E4: =[1]SIT!AT32 -> 25.5 | F4: =[1]SIT!AU32 -> 170 | G4: =[1]SIT!AV32 -> 85.4 | H4: =[1]SIT!AW32 -> 24.82 | I4: =[1]SIT!AX32 -> -0.68
A5: 3 | B5: =[1]SIT!AZ11 -> 113M-94 | C5: =[1]SIT!BA11 -> 60 | D5: =[1]SIT!BB11 -> 80 | E5: =[1]SIT!BC11 -> 12 | F5: =[1]SIT!BD11 -> 60 | G5: =[1]SIT!BE11 -> 76.7 | H5: =[1]SIT!BF11 -> 13.98 | I5: =[1]SIT!BG11 -> 1.98
B6: 113M-120 | C6: =[1]SIT!BA31 -> 200 | D6: =[1]SIT!BB31 -> 27.8 | E6: =[1]SIT!BC31 -> 144.4 | F6: =[1]SIT!BD31 -> 200 | G6: =[1]SIT!BE31 -> 4.8 | H6: =[1]SIT!BF31 -> 190.4 | I6: =[1]SIT!BG31 -> 46
B7: TOTAL | C7: =SUM(C3:C6) -> 505 | E7: =SUM(E3:E6) -> 207.4 | F7: =SUM(F3:F6) -> 515 | H7: =SUM(H3:H6) -> 255.89 | I7: =SUM(I3:I6) -> 48.49
A8: 4 | B8: =[1]SIT!AQ4 -> 113M-02 | C8: =[1]SIT!AR4 -> 80 | D8: =[1]SIT!AS4 -> 79.6 | E8: =[1]SIT!AT4 -> 16.32 | F8: =[1]SIT!AU4 -> 80 | G8: =[1]SIT!AV4 -> 0.8 | H8: =[1]SIT!AW4 -> 79.36 | I8: =[1]SIT!AX4 -> 63.04 | J8: 113M-2
A9: 5 | B9: =[1]SIT!AQ15 -> 113M-46 | C9: =[1]SIT!AR15 -> 200 | D9: =[1]SIT!AS15 -> 95 | E9: =[1]SIT!AT15 -> 10 | F9: =[1]SIT!AU15 -> 185 | G9: =[1]SIT!AV15 -> 93.3 | H9: =[1]SIT!AW15 -> 12.395 | I9: =[1]SIT!AX15 -> 2.395
A10: 6 | B10: =[1]SIT!AQ25 -> *113M-67 | C10: =[1]SIT!AR25 -> 0 | D10: =[1]SIT!AS25 -> 97 | E10: =[1]SIT!AT25 -> 0 | F10: =[1]SIT!AU25 -> 0 | G10: =[1]SIT!AV25 -> 92.7 | H10: =[1]SIT!AW25 -> 0 | I10: =[1]SIT!AX25 -> 0
A11: 7 | B11: =[1]SIT!AZ7 -> 113M-84 | C11: =[1]SIT!BA7 -> 550 | D11: =[1]SIT!BB7 -> 27 | E11: =[1]SIT!BC7 -> 401.5 | F11: =[1]SIT!BD7 -> 545 | G11: =[1]SIT!BE7 -> 96 | H11: =[1]SIT!BF7 -> 21.8 | I11: =[1]SIT!BG7 -> -379.7
B12: TOTAL | C12: =SUM(C8:C11) -> 830 | E12: =SUM(E8:E11) -> 427.82 | F12: =SUM(F8:F11) -> 810 | H12: =SUM(H8:H11) -> 113.555 | I12: =SUM(I8:I11) -> -314.265
A13: 8 | B13: =[1]SIT!AZ56 -> *BM-101 | C13: =[1]SIT!BA56 -> 0 | D13: =[1]SIT!BB56 -> 74.3 | E13: =[1]SIT!BC56 -> 0 | F13: =[1]SIT!BD56 -> 0 | G13: =[1]SIT!BE56 -> 74.3 | H13: =[1]SIT!BF56 -> 0 | I13: =[1]SIT!BG56 -> 0 | J13: 113M-3
A14: 9 | B14: =[1]SIT!AZ58 -> *BM-104 | C14: =[1]SIT!BA58 -> 0 | D14: =[1]SIT!BB58 -> 20 | E14: =[1]SIT!BC58 -> 0 | F14: =[1]SIT!BD58 -> 0 | G14: =[1]SIT!BE58 -> 28.6 | H14: =[1]SIT!BF58 -> 0 | I14: =[1]SIT!BG58 -> 0
B15: TOTAL | C15: =SUM(C13:C14) -> 0 | E15: =SUM(E13:E14) -> 0 | F15: =SUM(F13:F14) -> 0 | H15: =SUM(H13:H14) -> 0 | I15: =SUM(I13:I14) -> 0
A16: 10 | B16: =[1]SIT!AQ5 -> 113M-04 | C16: =[1]SIT!AR5 -> 90 | D16: =[1]SIT!AS5 -> 93.6 | E16: =[1]SIT!AT5 -> 5.76 | F16: =[1]SIT!AU5 -> 80 | G16: =[1]SIT!AV5 -> 97.7 | H16: =[1]SIT!AW5 -> 1.84 | I16: =[1]SIT!AX5 -> -3.92 | J16: 113M-4
A17: 11 | B17: =[1]SIT!AQ27 -> 113M-70 | C17: =[1]SIT!AR27 -> 100 | D17: =[1]SIT!AS27 -> 80 | E17: =[1]SIT!AT27 -> 20 | F17: =[1]SIT!AU27 -> 75 | G17: =[1]SIT!AV27 -> 66.9 | H17: =[1]SIT!AW27 -> 24.825 | I17: =[1]SIT!AX27 -> 4.825
A18: 12 | B18: =[1]SIT!AZ4 -> 113M-81 | C18: =[1]SIT!BA4 -> 140 | D18: =[1]SIT!BB4 -> 86 | E18: =[1]SIT!BC4 -> 19.6 | F18: =[1]SIT!BD4 -> 115 | G18: =[1]SIT!BE4 -> 88.9 | H18: =[1]SIT!BF4 -> 12.765 | I18: =[1]SIT!BG4 -> -6.835
A19: 13 | B19: =[1]SIT!AZ5 -> 113M-82 | C19: =[1]SIT!BA5 -> 90 | D19: =[1]SIT!BB5 -> 51 | E19: =[1]SIT!BC5 -> 44.1 | F19: =[1]SIT!BD5 -> 80 | G19: =[1]SIT!BE5 -> 58.5 | H19: =[1]SIT!BF5 -> 33.2 | I19: =[1]SIT!BG5 -> -10.9
A20: 14 | B20: =[1]SIT!AZ6 -> 113M-83 | C20: =[1]SIT!BA6 -> 0 | D20: =[1]SIT!BB6 -> 94.6 | E20: =[1]SIT!BC6 -> 0 | F20: =[1]SIT!BD6 -> 0 | G20: =[1]SIT!BE6 -> 92.5 | H20: =[1]SIT!BF6 -> 0 | I20: =[1]SIT!BG6 -> 0
A21: 15 | B21: =[1]SIT!AZ61 -> BM-112 | C21: =[1]SIT!BA61 -> 70 | D21: =[1]SIT!BB61 -> 50 | E21: =[1]SIT!BC61 -> 35 | F21: =[1]SIT!BD61 -> 60 | G21: =[1]SIT!BE61 -> 39 | H21: =[1]SIT!BF61 -> 36.6 | I21: =[1]SIT!BG61 -> 1.6
B22: TOTAL | C22: =SUM(C16:C21) -> 490 | E22: =SUM(E16:E21) -> 124.46 | F22: =SUM(F16:F21) -> 410 | H22: =SUM(H16:H21) -> 109.23 | I22: =SUM(I16:I21) -> -15.23
A23: 16 | B23: =[1]SIT!AZ8 -> 113M-86 S.T. | C23: =[1]SIT!BA8 -> 60 | D23: =[1]SIT!BB8 -> 30 | E23: =[1]SIT!BC8 -> 42 | F23: =[1]SIT!BD8 -> 60 | G23: =[1]SIT!BE8 -> 40.9 | H23: =[1]SIT!BF8 -> 35.46 | I23: =[1]SIT!BG8 -> -6.54 | J23: 113M-6
A24: 17 | B24: =[1]SIT!AZ27 -> 113M-116 | C24: =[1]SIT!BA27 -> 80 | D24: =[1]SIT!BB27 -> 48.9 | E24: =[1]SIT!BC27 -> 40.88 | F24: =[1]SIT!BD27 -> 70 | G24: =[1]SIT!BE27 -> 96 | H24: =[1]SIT!BF27 -> 2.8 | I24: =[1]SIT!BG27 -> -38.08
B25: TOTAL | C25: =SUM(C23:C24) -> 140 | E25: =SUM(E23:E24) -> 82.88 | F25: =SUM(F23:F24) -> 130 | H25: =SUM(H23:H24) -> 38.26 | I25: =SUM(I23:I24) -> -44.62
A26: 18 | B26: =[1]SIT!AQ22 -> 113M-59 | C26: =[1]SIT!AR22 -> 170 | D26: =[1]SIT!AS22 -> 90.8 | E26: =[1]SIT!AT22 -> 15.64 | F26: =[1]SIT!AU22 -> 170 | G26: =[1]SIT!AV22 -> 82.9 | H26: =[1]SIT!AW22 -> 29.07 | I26: =[1]SIT!AX22 -> 13.43 | J26: 113M-7
A27: 19 | B27: =[1]SIT!AQ34 -> 113M-79 H | C27: =[1]SIT!AR34 -> 50 | D27: =[1]SIT!AS34 -> 53.2 | E27: =[1]SIT!AT34 -> 23.4 | F27: =[1]SIT!AU34 -> 50 | G27: =[1]SIT!AV34 -> 82.2 | H27: =[1]SIT!AW34 -> 8.9 | I27: =[1]SIT!AX34 -> -14.5
A28: 20 | B28: =[1]SIT!AZ10 -> 113M-91 | C28: =[1]SIT!BA10 -> 70 | D28: =[1]SIT!BB10 -> 71.2 | E28: =[1]SIT!BC10 -> 20.16 | F28: =[1]SIT!BD10 -> 70 | G28: =[1]SIT!BE10 -> 71.2 | H28: =[1]SIT!BF10 -> 20.16 | I28: =[1]SIT!BG10 -> 0
A29: 21 | B29: =[1]SIT!AZ16 -> 113M-101 | C29: =[1]SIT!BA16 -> 0 | D29: =[1]SIT!BB16 -> 0 | E29: =[1]SIT!BC16 -> 0 | F29: =[1]SIT!BD16 -> 30 | G29: =[1]SIT!BE16 -> 0.8 | H29: =[1]SIT!BF16 -> 29.76 | I29: =[1]SIT!BG16 -> 29.76
A30: 22 | B30: 113M-104 | C30: =[1]SIT!BA19 -> 45 | D30: =[1]SIT!BB19 -> 50 | E30: =[1]SIT!BC19 -> 22.5 | F30: =[1]SIT!BD19 -> 50 | G30: =[1]SIT!BE19 -> 37.2 | H30: =[1]SIT!BF19 -> 31.4 | I30: =[1]SIT!BG19 -> 8.9
A31: 23 | B31: 113M-117 | C31: =[1]SIT!BA28 -> 40 | D31: =[1]SIT!BB28 -> 46.5 | E31: =[1]SIT!BC28 -> 21.4 | F31: =[1]SIT!BD28 -> 50 | G31: =[1]SIT!BE28 -> 42.4 | H31: =[1]SIT!BF28 -> 28.8 | I31: =[1]SIT!BG28 -> 7.4 | BZ31: =SUM(#REF!) -> #REF! | CA31: =SUM((BY31*(1-BZ31/100))) -> #REF! | CB31: 550 | CC31: =SUM(#REF!) -> #REF! | CD31: =SUM((CB31*(1-CC31/100))) -> #REF! | CE31: =SUM(-(BY31*(1-BZ31/100))+(CB31*(1-CC31/100))) -> #REF! | CF31: 113M-101 | CG31: =SUM(#REF!) -> #REF! | CH31: =SUM(#REF!) -> #REF! | CI31: =SUM((CG31*(1-CH31/100))) -> #REF! | CJ31: 550 | CK31: =SUM(#REF!) -> #REF! | CL31: =SUM((CJ31*(1-CK31/100))) -> #REF! | CM31: =SUM(-(CG31*(1-CH31/100))+(CJ31*(1-CK31/100))) -> #REF! | CN31: 113M-101 | CO31: =SUM(BC66) -> 0 | CP31: =SUM(#REF!) -> #REF! | CQ31: =SUM((CO31*(1-CP31/100))) -> #REF! | CR31: 550 | CS31: =SUM(#REF!) -> #REF! | CT31: =SUM((CR31*(1-CS31/100))) -> #REF! | CU31: =SUM(-(CO31*(1-CP31/100))+(CR31*(1-CS31/100))) -> #REF! | CV31: 113M-101 | CW31: =SUM(BK66) -> 0 | CX31: =SUM(#REF!) -> #REF! | CY31: =SUM((CW31*(1-CX31/100))) -> #REF! | CZ31: 550 | DA31: =SUM(#REF!) -> #REF! | DB31: =SUM((CZ31*(1-DA31/100))) -> #REF! | DC31: =SUM(-(CW31*(1-CX31/100))+(CZ31*(1-DA31/100))) -> #REF! | DD31: 113M-101 | DE31: =SUM(BS66) -> 0 | DF31: =SUM(#REF!) -> #REF! | DG31: =SUM((DE31*(1-DF31/100))) -> #REF! | DH31: 550 | DI31: =SUM(#REF!) -> #REF! | DJ31: =SUM((DH31*(1-DI31/100))) -> #REF! | DK31: =SUM(-(DE31*(1-DF31/100))+(DH31*(1-DI31/100))) -> #REF! | DL31: 113M-101 | DM31: =SUM(CA66) -> 0 | DN31: =SUM(#REF!) -> #REF! | DO31: =SUM((DM31*(1-DN31/100))) -> #REF! | DP31: 550 | DQ31: =SUM(#REF!) -> #REF! | DR31: =SUM((DP31*(1-DQ31/100))) -> #REF! | DS31: =SUM(-(DM31*(1-DN31/100))+(DP31*(1-DQ31/100))) -> #REF! | DT31: 113M-101 | DU31: =SUM(CI66) -> 0 | DV31: =SUM(#REF!) -> #REF! | DW31: =SUM((DU31*(1-DV31/100))) -> #REF! | DX31: 550 | DY31: =SUM(#REF!) -> #REF! | DZ31: =SUM((DX31*(1-DY31/100))) -> #REF! | EA31: =SUM(-(DU31*(1-DV31/100))+(DX31*(1-DY31/100))) -> #REF! | EB31: 113M-101 | EC31: =SUM(CQ66) -> 0 | ED31: =SUM(#REF!) -> #REF! | EE31: =SUM((EC31*(1-ED31/100))) -> #REF! | EF31: 550 | EG31: =SUM(#REF!) -> #REF! | EH31: =SUM((EF31*(1-EG31/100))) -> #REF! | EI31: =SUM(-(EC31*(1-ED31/100))+(EF31*(1-EG31/100))) -> #REF! | EJ31: 113M-101 | EK31: =SUM(CY66) -> 0 | EL31: =SUM(#REF!) -> #REF! | EM31: =SUM((EK31*(1-EL31/100))) -> #REF! | EN31: 550 | EO31: =SUM(#REF!) -> #REF! | EP31: =SUM((EN31*(1-EO31/100))) -> #REF! | EQ31: =SUM(-(EK31*(1-EL31/100))+(EN31*(1-EO31/100))) -> #REF! | ER31: 113M-101 | ES31: =SUM(DG66) -> 0 | ET31: =SUM(#REF!) -> #REF! | EU31: =SUM((ES31*(1-ET31/100))) -> #REF! | EV31: 550 | EW31: =SUM(#REF!) -> #REF! | EX31: =SUM((EV31*(1-EW31/100))) -> #REF! | EY31: =SUM(-(ES31*(1-ET31/100))+(EV31*(1-EW31/100))) -> #REF! | EZ31: 113M-101 | FA31: =SUM(DO66) -> 0 | FB31: =SUM(#REF!) -> #REF! | FC31: =SUM((FA31*(1-FB31/100))) -> #REF! | FD31: 550 | FE31: =SUM(#REF!) -> #REF! | FF31: =SUM((FD31*(1-FE31/100))) -> #REF! | FG31: =SUM(-(FA31*(1-FB31/100))+(FD31*(1-FE31/100))) -> #REF! | FH31: 113M-101 | FI31: =SUM(DW66) -> 0 | FJ31: =SUM(#REF!) -> #REF! | FK31: =SUM((FI31*(1-FJ31/100))) -> #REF! | FL31: 550 | FM31: =SUM(#REF!) -> #REF! | FN31: =SUM((FL31*(1-FM31/100))) -> #REF! | FO31: =SUM(-(FI31*(1-FJ31/100))+(FL31*(1-FM31/100))) -> #REF! | FP31: 113M-101 | FQ31: =SUM(EE66) -> 0 | FR31: =SUM(#REF!) -> #REF! | FS31: =SUM((FQ31*(1-FR31/100))) -> #REF! | FT31: 550 | FU31: =SUM(#REF!) -> #REF! | FV31: =SUM((FT31*(1-FU31/100))) -> #REF! | FW31: =SUM(-(FQ31*(1-FR31/100))+(FT31*(1-FU31/100))) -> #REF! | FX31: 113M-101 | FY31: =SUM(EM66) -> 0 | FZ31: =SUM(#REF!) -> #REF! | GA31: =SUM((FY31*(1-FZ31/100))) -> #REF! | GB31: 550 | GC31: =SUM(#REF!) -> #REF! | GD31: =SUM((GB31*(1-GC31/100))) -> #REF! | GE31: =SUM(-(FY31*(1-FZ31/100))+(GB31*(1-GC31/100))) -> #REF! | GF31: 113M-101 | GG31: =SUM(EU66) -> 0 | GH31: =SUM(#REF!) -> #REF! | GI31: =SUM((GG31*(1-GH31/100))) -> #REF! | GJ31: 550 | GK31: =SUM(#REF!) -> #REF! | GL31: =SUM((GJ31*(1-GK31/100))) -> #REF! | GM31: =SUM(-(GG31*(1-GH31/100))+(GJ31*(1-GK31/100))) -> #REF! | GN31: 113M-101 | GO31: =SUM(FC66) -> 0 | GP31: =SUM(#REF!) -> #REF! | GQ31: =SUM((GO31*(1-GP31/100))) -> #REF! | GR31: 550 | GS31: =SUM(#REF!) -> #REF! | GT31: =SUM((GR31*(1-GS31/100))) -> #REF! | GU31: =SUM(-(GO31*(1-GP31/100))+(GR31*(1-GS31/100))) -> #REF! | GV31: 113M-101 | GW31: =SUM(FK66) -> 0 | GX31: =SUM(#REF!) -> #REF! | GY31: =SUM((GW31*(1-GX31/100))) -> #REF! | GZ31: 550 | HA31: =SUM(#REF!) -> #REF! | HB31: =SUM((GZ31*(1-HA31/100))) -> #REF! | HC31: =SUM(-(GW31*(1-GX31/100))+(GZ31*(1-HA31/100))) -> #REF! | HD31: 113M-101 | HE31: =SUM(FS66) -> 0 | HF31: =SUM(#REF!) -> #REF! | HG31: =SUM((HE31*(1-HF31/100))) -> #REF! | HH31: 550 | HI31: =SUM(#REF!) -> #REF! | HJ31: =SUM((HH31*(1-HI31/100))) -> #REF! | HK31: =SUM(-(HE31*(1-HF31/100))+(HH31*(1-HI31/100))) -> #REF! | HL31: 113M-101 | HM31: =SUM(GA66) -> 0 | HN31: =SUM(#REF!) -> #REF! | HO31: =SUM((HM31*(1-HN31/100))) -> #REF! | HP31: 550 | HQ31: =SUM(#REF!) -> #REF! | HR31: =SUM((HP31*(1-HQ31/100))) -> #REF! | HS31: =SUM(-(HM31*(1-HN31/100))+(HP31*(1-HQ31/100))) -> #REF! | HT31: 113M-101 | HU31: =SUM(GI66) -> 0 | HV31: =SUM(#REF!) -> #REF! | HW31: =SUM((HU31*(1-HV31/100))) -> #REF! | HX31: 550 | HY31: =SUM(#REF!) -> #REF! | HZ31: =SUM((HX31*(1-HY31/100))) -> #REF! | IA31: =SUM(-(HU31*(1-HV31/100))+(HX31*(1-HY31/100))) -> #REF! | IB31: 113M-101 | IC31: =SUM(GQ66) -> 0 | ID31: =SUM(#REF!) -> #REF! | IE31: =SUM((IC31*(1-ID31/100))) -> #REF! | IF31: 550 | IG31: =SUM(#REF!) -> #REF! | IH31: =SUM((IF31*(1-IG31/100))) -> #REF! | II31: =SUM(-(IC31*(1-ID31/100))+(IF31*(1-IG31/100))) -> #REF! | IJ31: 113M-101 | IK31: =SUM(GY66) -> 0 | IL31: =SUM(#REF!) -> #REF! | IM31: =SUM((IK31*(1-IL31/100))) -> #REF! | IN31: 550 | IO31: =SUM(#REF!) -> #REF! | IP31: =SUM((IN31*(1-IO31/100))) -> #REF! | IQ31: =SUM(-(IK31*(1-IL31/100))+(IN31*(1-IO31/100))) -> #REF!
A32: 24 | B32: =[1]SIT!AZ34 -> 113M-123 | C32: =[1]SIT!BA34 -> 180 | D32: =[1]SIT!BB34 -> 4 | E32: =[1]SIT!BC34 -> 172.8 | F32: =[1]SIT!BD34 -> 180 | G32: =[1]SIT!BE34 -> 4.5 | H32: =[1]SIT!BF34 -> 171.9 | I32: =[1]SIT!BG34 -> -0.9
B33: TOTAL | C33: =SUM(C26:C32) -> 555 | E33: =SUM(E26:E31) -> 103.1 | F33: =SUM(F26:F32) -> 600 | H33: =SUM(H26:H32) -> 319.99 | I33: =SUM(I26:I32) -> 44.09
A34: 25 | B34: =[1]SIT!AQ6 -> 113M-08B | C34: =[1]SIT!AR6 -> 150 | D34: =[1]SIT!AS6 -> 73.2 | E34: =[1]SIT!AT6 -> 40.2 | F34: =[1]SIT!AU6 -> 130 | G34: =[1]SIT!AV6 -> 87.2 | H34: =[1]SIT!AW6 -> 16.64 | I34: =[1]SIT!AX6 -> -23.56 | J34: 113M-8
A35: 26 | B35: =[1]SIT!AQ28 -> 113M-71 | C35: =[1]SIT!AR28 -> 130 | D35: =[1]SIT!AS28 -> 87 | E35: =[1]SIT!AT28 -> 16.9 | F35: =[1]SIT!AU28 -> 130 | G35: =[1]SIT!AV28 -> 91.4 | H35: =[1]SIT!AW28 -> 11.18 | I35: =[1]SIT!AX28 -> -5.72
A36: 27 | B36: =[1]SIT!AQ33 -> 113M-78 | C36: =[1]SIT!AR33 -> 80 | D36: =[1]SIT!AS33 -> 46 | E36: =[1]SIT!AT33 -> 43.2 | F36: =[1]SIT!AU33 -> 70 | G36: =[1]SIT!AV33 -> 68.6 | H36: =[1]SIT!AW33 -> 21.98 | I36: =[1]SIT!AX33 -> -21.22
A37: 28 | B37: =[1]SIT!AZ15 -> 113M-100 | C37: =[1]SIT!BA15 -> 100 | D37: =[1]SIT!BB15 -> 58.2 | E37: =[1]SIT!BC15 -> 41.8 | F37: =[1]SIT!BD15 -> 100 | G37: =[1]SIT!BE15 -> 58.2 | H37: =[1]SIT!BF15 -> 41.8 | I37: =[1]SIT!BG15 -> 0
A38: 29 | B38: =[1]SIT!AZ20 -> 113M-107 | C38: =[1]SIT!BA20 -> 60 | D38: =[1]SIT!BB20 -> 80 | E38: =[1]SIT!BC20 -> 12 | F38: =[1]SIT!BD20 -> 60 | G38: =[1]SIT!BE20 -> 90.7 | H38: =[1]SIT!BF20 -> 5.58 | I38: =[1]SIT!BG20 -> -6.42
A39: 30 | B39: =[1]SIT!AZ22 -> 113M-109 | C39: =[1]SIT!BA22 -> 90 | D39: =[1]SIT!BB22 -> 90 | E39: =[1]SIT!BC22 -> 9 | F39: =[1]SIT!BD22 -> 90 | G39: =[1]SIT!BE22 -> 50.8 | H39: =[1]SIT!BF22 -> 44.28 | I39: =[1]SIT!BG22 -> 35.28
A40: 31 | B40: =[1]SIT!AZ23 -> *113M-110 | C40: =[1]SIT!BA23 -> 0 | D40: =[1]SIT!BB23 -> 94.6 | E40: =[1]SIT!BC23 -> 0 | F40: =[1]SIT!BD23 -> 0 | G40: =[1]SIT!BE23 -> 93.7 | H40: =[1]SIT!BF23 -> 0 | I40: =[1]SIT!BG23 -> 0
B41: =[1]SIT!AZ35 -> 113M-124 | C41: =[1]SIT!BA35 -> 80 | D41: =[1]SIT!BB35 -> 50 | E41: =[1]SIT!BC35 -> 40 | F41: =[1]SIT!BD35 -> 100 | G41: =[1]SIT!BE35 -> 1.6 | H41: =[1]SIT!BF35 -> 98.4 | I41: =[1]SIT!BG35 -> 58.4
A42: 32 | B42: TOTAL | C42: =SUM(C34:C41) -> 690 | E42: =SUM(E34:E40) -> 163.1 | F42: =SUM(F34:F41) -> 680 | H42: =SUM(H34:H41) -> 239.86 | I42: =SUM(I34:I40) -> -21.64
B43: =[1]SIT!AZ14 -> 113M-99 | C43: =[1]SIT!BA14 -> 250 | D43: =[1]SIT!BB14 -> 84 | E43: =[1]SIT!BC14 -> 40 | F43: =[1]SIT!BD14 -> 210 | G43: =[1]SIT!BE14 -> 79.6 | H43: =[1]SIT!BF14 -> 42.84 | I43: =[1]SIT!BG14 -> 2.84 | J43: 113M-10
A44: 33 | B44: TOTAL | C44: =SUM(C43:C43) -> 250 | E44: =SUM(E43:E43) -> 40 | F44: =SUM(F43:F43) -> 210 | H44: =SUM(H43:H43) -> 42.84 | I44: =SUM(I43:I43) -> 2.84
A45: 34 | B45: =[1]SIT!AQ7 -> 113M-18 | C45: =[1]SIT!AR7 -> 400 | D45: =[1]SIT!AS7 -> 74.2 | E45: =[1]SIT!AT7 -> 103.2 | F45: =[1]SIT!AU7 -> 400 | G45: =[1]SIT!AV7 -> 85.6 | H45: =[1]SIT!AW7 -> 57.6 | I45: =[1]SIT!AX7 -> -45.6 | J45: CL18/20
A46: 35 | B46: =[1]SIT!AQ23 -> *113M-65 | C46: =[1]SIT!AR23 -> 0 | D46: =[1]SIT!AS23 -> 95 | E46: =[1]SIT!AT23 -> 0 | F46: =[1]SIT!AU23 -> 0 | G46: =[1]SIT!AV23 -> 92 | H46: =[1]SIT!AW23 -> 0 | I46: =[1]SIT!AX23 -> 0
A47: 36 | B47: =[1]SIT!AQ24 -> 113M-66 | C47: =[1]SIT!AR24 -> 150 | D47: =[1]SIT!AS24 -> 90 | E47: =[1]SIT!AT24 -> 15 | F47: =[1]SIT!AU24 -> 140 | G47: =[1]SIT!AV24 -> 98 | H47: =[1]SIT!AW24 -> 2.8 | I47: =[1]SIT!AX24 -> -12.2
A48: 37 | B48: =[1]SIT!AQ30 -> 113M-74 | C48: =[1]SIT!AR30 -> 150 | D48: =[1]SIT!AS30 -> 80 | E48: =[1]SIT!AT30 -> 30 | F48: =[1]SIT!AU30 -> 180 | G48: =[1]SIT!AV30 -> 69.6 | H48: =[1]SIT!AW30 -> 54.72 | I48: =[1]SIT!AX30 -> 24.72
A49: 38 | B49: =[1]SIT!AZ3 -> 113M-80 H | C49: =[1]SIT!BA3 -> 90 | D49: =[1]SIT!BB3 -> 50.7 | E49: =[1]SIT!BC3 -> 44.37 | F49: =[1]SIT!BD3 -> 100 | G49: =[1]SIT!BE3 -> 65.5 | H49: =[1]SIT!BF3 -> 34.5 | I49: =[1]SIT!BG3 -> -9.87
A50: 39 | B50: 113M-87 | C50: 0 | D50: 0 | E50: 0 | F50: =[1]SIT!$BD$9 -> 80 | G50: =[1]SIT!BE9 -> 77.2 | H50: =[1]SIT!BF9 -> 18.24 | I50: =[1]SIT!BG9 -> 18.24
A51: 40 | B51: =[1]SIT!AZ17 -> 113M-102 | C51: =[1]SIT!BA17 -> 100 | D51: =[1]SIT!BB17 -> 80 | E51: =[1]SIT!BC17 -> 20 | F51: =[1]SIT!BD17 -> 60 | G51: =[1]SIT!BE17 -> 89.3 | H51: =[1]SIT!BF17 -> 6.42 | I51: =[1]SIT!BG17 -> -13.58
A52: 41 | B52: =[1]SIT!AZ21 -> 113M-108 | C52: =[1]SIT!BA21 -> 100 | D52: =[1]SIT!BB21 -> 95.2 | E52: =[1]SIT!BC21 -> 4.8 | F52: =[1]SIT!BD21 -> 145 | G52: =[1]SIT!BE21 -> 93 | H52: =[1]SIT!BF21 -> 10.15 | I52: =[1]SIT!BG21 -> 5.35
A53: 42 | B53: =[1]SIT!AZ13 -> *113M-97 RE | C53: =[1]SIT!BA13 -> 0 | D53: =[1]SIT!BB13 -> 50 | E53: =[1]SIT!BC13 -> 0 | F53: =[1]SIT!BD13 -> 0 | G53: =[1]SIT!BE13 -> 27.6 | H53: =[1]SIT!BF13 -> 0 | I53: =[1]SIT!BG13 -> 0
A54: 43 | B54: =[1]SIT!AZ29 -> *113M-118 | C54: =[1]SIT!BA29 -> 0 | D54: =[1]SIT!BB29 -> 10 | E54: =[1]SIT!BC29 -> 0 | F54: =[1]SIT!BD29 -> 0 | G54: =[1]SIT!BE29 -> 1.6 | H54: =[1]SIT!BF29 -> 0 | I54: =[1]SIT!BG29 -> 0
A55: 44 | B55: =[1]SIT!AZ30 -> 113M-119 | C55: =[1]SIT!BA30 -> 100 | D55: =[1]SIT!BB30 -> 1.6 | E55: =[1]SIT!BC30 -> 98.4 | F55: =[1]SIT!BD30 -> 90 | G55: =[1]SIT!BE30 -> 7.3 | H55: =[1]SIT!BF30 -> 83.43 | I55: =[1]SIT!BG30 -> -14.97
B56: =[1]SIT!AZ12 -> 113M-96 | C56: =[1]SIT!BA12 -> 0 | D56: =[1]SIT!BB12 -> 0 | E56: =[1]SIT!BC12 -> 0 | F56: =[1]SIT!BD12 -> 140 | G56: =[1]SIT!BE12 -> 92 | H56: =[1]SIT!BF12 -> 11.2 | I56: =[1]SIT!BG12 -> 11.2
A57: 45 | B57: =[1]SIT!AZ36 -> 113M-125 | C57: =[1]SIT!BA36 -> 80 | D57: =[1]SIT!BB36 -> 100 | E57: =[1]SIT!BC36 -> 0 | F57: =[1]SIT!BD36 -> 50 | G57: =[1]SIT!BE36 -> 100 | H57: =[1]SIT!BF36 -> 0 | I57: =[1]SIT!BG36 -> 0
A58: 46 | B58: TOTAL | C58: =SUM(C45:C57) -> 1170 | E58: =SUM(E45:E56) -> 315.77 | F58: =SUM(F45:F56) -> 1335 | H58: =SUM(H45:H56) -> 279.06 | I58: =SUM(I45:I56) -> -36.71
B59: =[1]SIT!AQ8 -> 113M-26 | C59: =[1]SIT!AR8 -> 80 | D59: =[1]SIT!AS8 -> 93.6 | E59: =[1]SIT!AT8 -> 5.12 | F59: =[1]SIT!AU8 -> 50 | G59: =[1]SIT!AV8 -> 88 | H59: =[1]SIT!AW8 -> 6 | I59: =[1]SIT!AX8 -> 0.88 | J59: 113M-26
A60: 47 | B60: =[1]SIT!$AZ$32 -> 113M-121 | C60: =[1]SIT!$BA$32 -> 100 | D60: =[1]SIT!BB32 -> 13 | E60: =[1]SIT!BC32 -> 87 | F60: =[1]SIT!BD32 -> 115 | G60: =[1]SIT!BE32 -> 0.8 | H60: =[1]SIT!BF32 -> 114.08 | I60: =[1]SIT!BG32 -> 27.08
A61: 48 | B61: TOTAL | C61: =SUM(C59:C60) -> 180 | E61: =SUM(E59:E60) -> 92.12 | F61: =SUM(F59:F60) -> 165 | H61: =SUM(H59:H60) -> 120.08 | I61: =SUM(I59:I60) -> 27.96
A62: 45 | B62: =[1]SIT!AQ11 -> *113M-35 | C62: =[1]SIT!AR11 -> 0 | D62: =[1]SIT!AS11 -> 80 | E62: =[1]SIT!AT11 -> 0 | F62: =[1]SIT!AU11 -> 0 | G62: =[1]SIT!AV11 -> 97.2 | H62: =[1]SIT!AW11 -> 0 | I62: =[1]SIT!AX11 -> 0 | J62: 113M-35
B63: =[1]SIT!AQ12 -> 113M-40 | C63: =[1]SIT!AR12 -> 0 | D63: =[1]SIT!AS12 -> 0 | E63: =[1]SIT!AT12 -> 0 | F63: =[1]SIT!AU12 -> 0 | G63: =[1]SIT!AV12 -> 99 | H63: =[1]SIT!AW12 -> 0 | I63: =[1]SIT!AX12 -> 0
A64: 46 | B64: TOTAL | C64: =SUM(C62:C63) -> 0 | E64: =SUM(E62:E63) -> 0 | F64: =SUM(F62:F63) -> 0 | H64: =SUM(H62:H63) -> 0 | I64: =SUM(I62:I63) -> 0
A65: 47 | B65: 113M-72 | F65: =[1]SIT!AU29 -> 35 | G65: =[1]SIT!AV29 -> 67.8 | H65: =[1]SIT!AW29 -> 11.27 | I65: =[1]SIT!AX29 -> 11.27 | J65: CL-12
A66: 48 | B66: TOTAL | F66: =F65 -> 35 | H66: =H65 -> 11.27 | I66: =I65 -> 11.27
A67: 49 | B67: =[1]SIT!AQ26 -> *113M-68 ST | C67: =[1]SIT!AR26 -> 0 | D67: =[1]SIT!AS26 -> 98 | E67: =[1]SIT!AT26 -> 0 | F67: =[1]SIT!AU26 -> 0 | G67: =[1]SIT!AV26 -> 96 | H67: =[1]SIT!AW26 -> 0 | I67: =[1]SIT!AX26 -> 0 | J67: BM-1
A68: 50 | B68: =[1]SIT!AQ58 -> BM-39 ST. | C68: =[1]SIT!AR58 -> 50 | D68: =[1]SIT!AS58 -> 74 | E68: =[1]SIT!AT58 -> 13 | F68: =[1]SIT!AU58 -> 50 | G68: =[1]SIT!AV58 -> 73.1 | H68: =[1]SIT!AW58 -> 13.45 | I68: =[1]SIT!AX58 -> 0.45
B69: =[1]SIT!AQ66 -> *BM-59 | C69: =[1]SIT!AR66 -> 0 | D69: =[1]SIT!AS66 -> 100 | E69: =[1]SIT!AT66 -> 0 | F69: =[1]SIT!AU66 -> 0 | G69: =[1]SIT!AV66 -> 100 | H69: =[1]SIT!AW66 -> 0 | I69: =[1]SIT!AX66 -> 0
A70: 51 | B70: =[1]SIT!AZ47 -> *BM-88 | C70: =[1]SIT!BA47 -> 0 | D70: =[1]SIT!BB47 -> 76.4 | E70: =[1]SIT!BC47 -> 0 | F70: =[1]SIT!BD47 -> 0 | G70: =[1]SIT!BE47 -> 82.1 | H70: =[1]SIT!BF47 -> 0 | I70: =[1]SIT!BG47 -> 0
A71: 52 | B71: =[1]SIT!AZ50 -> BM-91 | C71: =[1]SIT!BA50 -> 120 | D71: =[1]SIT!BB50 -> 48 | E71: =[1]SIT!BC50 -> 62.4 | F71: =[1]SIT!BD50 -> 110 | G71: =[1]SIT!BE50 -> 33.8 | H71: =[1]SIT!BF50 -> 72.82 | I71: =[1]SIT!BG50 -> 10.42
B72: TOTAL | C72: =SUM(C67:C71) -> 170 | E72: =SUM(E67:E71) -> 75.4 | F72: =SUM(F67:F71) -> 160 | H72: =SUM(H67:H71) -> 86.27 | I72: =SUM(I67:I71) -> 10.87
A73: 53 | B73: =[1]SIT!AQ64 -> BM-52 | C73: =[1]SIT!AR64 -> 40 | D73: =[1]SIT!AS64 -> 41.3 | E73: =[1]SIT!AT64 -> 23.48 | F73: =[1]SIT!AU64 -> 40 | G73: =[1]SIT!AV64 -> 41.3 | H73: =[1]SIT!AW64 -> 23.48 | I73: =[1]SIT!AX64 -> 0 | J73: BM-3
A74: 54 | B74: =[1]SIT!AZ24 -> 113M-112 | C74: =[1]SIT!BA24 -> 140 | D74: =[1]SIT!BB24 -> 71.6 | E74: =[1]SIT!BC24 -> 39.76 | F74: =[1]SIT!BD24 -> 130 | G74: =[1]SIT!BE24 -> 80.2 | H74: =[1]SIT!BF24 -> 25.74 | I74: =[1]SIT!BG24 -> -14.02
A75: 55 | B75: BM-120 | C75: =[1]SIT!BA67 -> 80 | D75: =[1]SIT!BB67 -> 12 | E75: =[1]SIT!BC67 -> 70.4 | F75: =[1]SIT!BD67 -> 80 | G75: =[1]SIT!BE67 -> 0.8 | H75: =[1]SIT!BF67 -> 79.36 | I75: =[1]SIT!BG67 -> 8.96
B76: TOTAL | C76: =SUM(C73:C75) -> 260 | E76: =SUM(E73:E75) -> 133.64 | F76: =SUM(F73:F75) -> 250 | H76: =SUM(H73:H75) -> 128.58 | I76: =SUM(I73:I75) -> -5.06
A77: 56 | B77: =[1]SIT!AZ53 -> BM-94 H | C77: =[1]SIT!BA53 -> 40 | D77: =[1]SIT!BB53 -> 18 | E77: =[1]SIT!BC53 -> 32.8 | F77: =[1]SIT!BD53 -> 40 | G77: =[1]SIT!BE53 -> 53.7 | H77: =[1]SIT!BF53 -> 18.52 | I77: =[1]SIT!BG53 -> -14.28 | J77: BM-6
A78: 57 | B78: =[1]SIT!AZ57 -> BM-102 | C78: =[1]SIT!BA57 -> 50 | D78: =[1]SIT!BB57 -> 85.2 | E78: =[1]SIT!BC57 -> 7.4 | F78: =[1]SIT!BD57 -> 60 | G78: =[1]SIT!BE57 -> 76.4 | H78: =[1]SIT!BF57 -> 14.16 | I78: =[1]SIT!BG57 -> 6.76
A79: 58 | B79: =[1]SIT!AZ62 -> BM-114 | C79: =[1]SIT!BA62 -> 50 | D79: =[1]SIT!BB62 -> 9.7 | E79: =[1]SIT!BC62 -> 45.15 | F79: =[1]SIT!BD62 -> 50 | G79: =[1]SIT!BE62 -> 8.2 | H79: =[1]SIT!BF62 -> 45.9 | I79: =[1]SIT!BG62 -> 0.75
A80: 59 | B80: TOTAL | C80: =SUM(C77:C79) -> 140 | E80: =SUM(E77:E79) -> 85.35 | F80: =SUM(F77:F79) -> 150 | H80: =SUM(H77:H79) -> 78.58 | I80: =SUM(I77:I79) -> -6.77
A81: 60 | B81: =[1]SIT!AQ72 -> *BM-77 | C81: =[1]SIT!AR72 -> 0 | D81: =[1]SIT!AS72 -> 93 | E81: =[1]SIT!AT72 -> 0 | F81: =[1]SIT!AU72 -> 0 | G81: =[1]SIT!AV72 -> 96 | H81: =[1]SIT!AW72 -> 0 | I81: =[1]SIT!AX72 -> 0 | J81: BM-7
A82: 61 | B82: =[1]SIT!AQ75 -> BM-81 | C82: =[1]SIT!AR75 -> 100 | D82: =[1]SIT!AS75 -> 98 | E82: =[1]SIT!AT75 -> 2 | F82: =[1]SIT!AU75 -> 100 | G82: =[1]SIT!AV75 -> 97.6 | H82: =[1]SIT!AW75 -> 2.4 | I82: =[1]SIT!AX75 -> 0.4
A83: 62 | B83: =[1]SIT!AZ48 -> *BM-89 | C83: =[1]SIT!BA48 -> 0 | D83: =[1]SIT!AS76 -> 22.1 | E83: =[1]SIT!BC48 -> 0 | F83: =[1]SIT!BD48 -> 0 | G83: =[1]SIT!BE48 -> 92.6 | H83: =[1]SIT!BF48 -> 0 | I83: =[1]SIT!BG48 -> 0
B84: =[1]SIT!AZ54 -> BM-95 H | C84: =[1]SIT!BA54 -> 35 | D84: =[1]SIT!BB54 -> 10 | E84: =[1]SIT!BC54 -> 31.5 | F84: =[1]SIT!BD54 -> 30 | G84: =[1]SIT!BE54 -> 0.8 | H84: =[1]SIT!BF54 -> 29.76 | I84: =[1]SIT!BG54 -> -1.74
A85: 63 | B85: =[1]SIT!AZ74 -> BMSW-01 R | C85: =[1]SIT!BA74 -> 90 | D85: =[1]SIT!BB74 -> 50 | E85: =[1]SIT!BC74 -> 45 | F85: =[1]SIT!BD74 -> 90 | G85: =[1]SIT!BE74 -> 46.6 | H85: =[1]SIT!BF74 -> 48.06 | I85: =[1]SIT!BG74 -> 3.06
A86: 64 | B86: =[1]SIT!AZ75 -> BMSW-2 | C86: =[1]SIT!BA75 -> 0 | D86: =[1]SIT!BB75 -> 0 | E86: =[1]SIT!BC75 -> 0 | F86: =[1]SIT!BD75 -> 40 | G86: =[1]SIT!BE75 -> 1.2 | H86: =[1]SIT!BF75 -> 39.52 | I86: =[1]SIT!BG75 -> 39.52
B87: =[1]SIT!AZ26 -> 113M-115 | C87: =[1]SIT!BA26 -> 120 | D87: =[1]SIT!BB63 -> 70 | E87: =[1]SIT!BC26 -> 11.88 | F87: =[1]SIT!BD26 -> 120 | G87: =[1]SIT!BE26 -> 90.1 | H87: =[1]SIT!BF26 -> 11.88 | I87: =[1]SIT!BG26 -> 0
A88: 65 | B88: =[1]SIT!AZ63 -> *BM-115 | C88: =[1]SIT!BA63 -> 0 | D88: =[1]SIT!BB64 -> 90 | E88: =[1]SIT!BC63 -> 0 | F88: =[1]SIT!BD63 -> 0 | G88: =[1]SIT!BE63 -> 68.4 | H88: =[1]SIT!BF63 -> 0 | I88: =[1]SIT!BG63 -> 0
B89: TOTAL | C89: =SUM(C81:C88) -> 345 | E89: =SUM(E81:E88) -> 90.38 | F89: =SUM(F81:F88) -> 380 | H89: =SUM(H81:H88) -> 131.62 | I89: =SUM(I81:I88) -> 41.24
A90: 66 | B90: =[1]SIT!AQ46 -> BM-15 Re. | C90: =[1]SIT!AR46 -> 50 | D90: =[1]SIT!AS46 -> 75 | E90: =[1]SIT!AT46 -> 12.5 | F90: =[1]SIT!AU46 -> 50 | G90: =[1]SIT!AV46 -> 33.1 | H90: =[1]SIT!AW46 -> 33.45 | I90: =[1]SIT!AX46 -> 20.95 | J90: BM-15/ 27
A91: 66 | B91: =[1]SIT!AQ53 -> *BM-27 | C91: =[1]SIT!AR53 -> 0 | D91: =[1]SIT!AS53 -> 1.2 | E91: =[1]SIT!AT53 -> 0 | F91: =[1]SIT!AU53 -> 0 | G91: =[1]SIT!AV53 -> 37.6 | H91: =[1]SIT!AW53 -> 0 | I91: =[1]SIT!AX53 -> 0
A92: 67 | B92: TOTAL | C92: =SUM(C90:C91) -> 50 | E92: =SUM(E90:E91) -> 12.5 | F92: =SUM(F90:F91) -> 50 | H92: =SUM(H90:H91) -> 33.45 | I92: =SUM(I90:I91) -> 20.95
B93: =[1]SIT!AQ69 -> BM-72 | C93: =[1]SIT!AR69 -> 40 | D93: =[1]SIT!AS69 -> 37 | E93: =[1]SIT!AT69 -> 25.2 | F93: =[1]SIT!AU69 -> 40 | G93: =[1]SIT!AV69 -> 33 | H93: =[1]SIT!AW69 -> 26.8 | I93: =[1]SIT!AX69 -> 1.6 | J93: BMNW-1
A94: 68 | B94: =[1]SIT!AZ72 -> BMNW-04 | C94: 0 | D94: 0 | E94: 0 | F94: =[1]SIT!BD72 -> 0 | G94: =[1]SIT!BE72 -> 27 | H94: =[1]SIT!BF72 -> 0 | I94: =[1]SIT!BG72 -> 0
A95: 69 | B95: =[1]SIT!AZ73 -> BMNW-05 | C95: 0 | D95: 0 | E95: 0 | F95: =[1]SIT!BD73 -> 80 | G95: =[1]SIT!BE73 -> 90 | H95: =[1]SIT!BF73 -> 8 | I95: =[1]SIT!BG73 -> 8
A96: 70 | B96: TOTAL | C96: =SUM(C93:C94) -> 40 | E96: =SUM(E93:E94) -> 25.2 | F96: =SUM(F93:F95) -> 120 | H96: =SUM(H93:H95) -> 34.8 | I96: =SUM(I93:I95) -> 9.6
A97: 71 | B97: =[1]SIT!AQ51 -> BM-23 Re. | C97: =[1]SIT!AR51 -> 400 | D97: =[1]SIT!AS51 -> 100 | E97: =[1]SIT!AT51 -> 0 | F97: =[1]SIT!AU51 -> 400 | G97: =[1]SIT!AV51 -> 97.5 | H97: =[1]SIT!AW51 -> 10 | I97: =[1]SIT!AX51 -> 10 | J97: BM-23/ 25
A98: 72 | B98: TOTAL | C98: =SUM(C97:C97) -> 400 | D98: =SUM(D97:D97) -> 100 | E98: =SUM(E97:E97) -> 0 | F98: =SUM(F97:F97) -> 400 | H98: =SUM(H97:H97) -> 10 | I98: =SUM(I97:I97) -> 10
B99: BMNE-2 | C99: =[1]SIT!BA76 -> 0 | D99: =[1]SIT!AS16 -> 41 | E99: =[1]SIT!BC76 -> 0 | F99: =[1]SIT!BD76 -> 0 | G99: =[1]SIT!BE76 -> 73.5 | H99: =[1]SIT!BF76 -> 0 | I99: =[1]SIT!BG76 -> 0 | J99: BMNE-1
A100: 73 | B100: TOTAL | C100: =SUM(C99:C99) -> 0 | E100: =SUM(E99:E99) -> 0 | F100: =SUM(F99:F99) -> 0 | H100: =SUM(H99:H99) -> 0 | I100: =SUM(I99:I99) -> 0
A101: 74 | B101: =[1]SIT!AQ16 -> 113M-48 | C101: =[1]SIT!AR16 -> 80 | D101: =[1]SIT!AS16 -> 41 | E101: =[1]SIT!AT16 -> 47.2 | F101: =[1]SIT!AU16 -> 80 | G101: =[1]SIT!AV16 -> 36.8 | H101: =[1]SIT!AW16 -> 50.56 | I101: =[1]SIT!AX16 -> 3.36 | J101: MWP-1
...

Sheet DATA BASE
H6: REP. DATA | K6: ACT. DATA | AD6: Panel
A7: Well | B7: Status | C7: Reporting Status | D7: shut down reason | E7: LOCATION | F7: PLAT. | G7: POWER FEEDER | H7: RATE , M3/D | I7: W.C % | J7: REP. NET | K7: ACT , M3/D2 | L7: ACT.W.C % | M7: ACT NET | N7: GOR M3/M3 | O7: GAS MMS CF/D | P7: WHP,PSI | Q7: AMP | R7: HZ | S7: MOTOR , HP | T7: DESGIN AMP. | U7: DH Pump | V7: STG | W7: CH. VALVE | X7: PACKER | Y7: S.V | Z7: LAST W.O | AA7: REMARKS | AB7: SUB-MARINE CABLE | AC7: EARTHED CABLE | AD7: Panel Type | AE7: DH Control Line | AF7: CHEMICAL | AG7: RAISER | AH7: SIGNAL LIGHT | AI7: REMARKS2
A8: 113M-01 RE. | B8: Producer | C8: Reported | D8: PROD. | E8: M-1 | F8: PP3 | G8: PP3 | H8: 75 | I8: 66 | J8: =Database[[#This Row],[RATE , M3/D]]*(1-I8/100) -> 25.5 | K8: 85 | L8: 68.6 | M8: =Database[[#This Row],[ACT , M3/D2]]*(1-L8/100) -> 26.69 | N8: 60 | O8: 0.06 | P8: 400 | Q8: 30 | S8: 99 | T8: 36 | U8: P-6 | V8: 376 | Z8: 43444 | AA8: KEEP PINCHING | AB8: No | AH8: =VLOOKUP(E8,' Data Lists'!$Z$3:$AA$31,2,) -> IN SERVICE | AK8: Cond. B
A9: 113M-02 | B9: Producer | C9: Reported | D9: PROD. | E9: M-2 | F9: =VLOOKUP(E9,' Data Lists'!$T$3:$U$31,2,) -> PP3 | G9: MWP-2 | H9: 80 | I9: 79.6 | J9: =Database[[#This Row],[RATE , M3/D]]*(1-I9/100) -> 16.32 | K9: 80 | L9: 0.8 | M9: =Database[[#This Row],[ACT , M3/D2]]*(1-L9/100) -> 79.36 | N9: 87 | O9: 0.11 | P9: 400 | Q9: 20 | S9: 83.5 | T9: 29 | U9: D800N | V9: 260 | Z9: 44083 | AB9: SUB MARINE | AH9: =VLOOKUP(E9,' Data Lists'!$Z$3:$AA$31,2,) -> IN SERVICE | AK9: Cond. B
A10: 113M-03 | B10: Producer | C10: Not Reported | D10: PROD. | E10: M-3 | F10: PP2 | G10: PP2 | H10: 0 | I10: 0 | J10: =Database[[#This Row],[RATE , M3/D]]*(1-I10/100) -> 0 | K10: 50 | L10: 57.3 | M10: =Database[[#This Row],[ACT , M3/D2]]*(1-L10/100) -> 21.35 | AH10: =VLOOKUP(E10,' Data Lists'!$Z$3:$AA$31,2,) -> OUT OF SERVICE
A11: 113M-04 | B11: Producer | C11: Reported | D11: PROD. | E11: M-4 | F11: =VLOOKUP(E11,' Data Lists'!$T$3:$U$31,2,) -> PP2 | G11: PP2 | H11: 90 | I11: 93.6 | J11: =Database[[#This Row],[RATE , M3/D]]*(1-I11/100) -> 5.76 | K11: 80 | L11: 97.7 | M11: =Database[[#This Row],[ACT , M3/D2]]*(1-L11/100) -> 1.84 | N11: 91 | O11: 0.05 | P11: 400 | Q11: 36 | S11: 99 | T11: 36 | U11: FLEX-10 | V11: 245 | Z11: 43684 | AB11: REDA | AH11: =VLOOKUP(E11,' Data Lists'!$Z$3:$AA$31,2,) -> IN SERVICE
A12: 113M-08 BIS | B12: Waiting Work Over | C12: Reported | D12: PROD. | E12: M-8 | F12: =VLOOKUP(E12,' Data Lists'!$T$3:$U$31,2,) -> PP2 | G12: PP2 | H12: 150 | I12: 73.2 | J12: =Database[[#This Row],[RATE , M3/D]]*(1-I12/100) -> 40.2 | K12: 130 | L12: 87.2 | M12: =Database[[#This Row],[ACT , M3/D2]]*(1-L12/100) -> 16.64 | N12: 163 | O12: 0.32 | P12: 180 | Q12: 44 | S12: 187 | T12: 64 | U12: GN-1600 | V12: 198 | Z12: 43145 | AB12: SUB MARINE | AH12: =VLOOKUP(E12,' Data Lists'!$Z$3:$AA$31,2,) -> OUT OF SERVICE
A13: 113M-18 | B13: Producer | C13: Reported | D13: PROD. | E13: CL 18/20 | F13: =VLOOKUP(E13,' Data Lists'!$T$3:$U$31,2,) -> PP3 | G13: PP3 | H13: 400 | I13: 84.2 | J13: =Database[[#This Row],[RATE , M3/D]]*(1-I13/100) -> 63.2 | K13: 400 | L13: 85.6 | M13: =Database[[#This Row],[ACT , M3/D2]]*(1-L13/100) -> 57.6 | N13: 75 | O13: 0.26 | P13: 400 | Q13: 90 | S13: 334 | T13: 111 | U13: GN-3200 | V13: 270 | Z13: 44101 | AB13: No | AH13: =VLOOKUP(E13,' Data Lists'!$Z$3:$AA$31,2,) -> IN SERVICE
A14: 113M-26 | B14: Producer | C14: Reported | D14: PROD. | E14: M-26 | F14: =VLOOKUP(E14,' Data Lists'!$T$3:$U$31,2,) -> PP3 | G14: pp3 | H14: 80 | I14: 93.6 | J14: =Database[[#This Row],[RATE , M3/D]]*(1-I14/100) -> 5.12 | K14: 0 | L14: 88 | M14: =Database[[#This Row],[ACT , M3/D2]]*(1-L14/100) -> 0 | N14: 86 | O14: 0.03 | P14: 400 | Q14: 39 | S14: 100 | T14: 34 | U14: FLEX-10 | V14: 238 | Z14: 43830 | AB14: No | AH14: =VLOOKUP(E14,' Data Lists'!$Z$3:$AA$31,2,) -> OUT OF SERVICE
A15: 113M-29 | B15: Producer | C15: Reported | D15: PROD. | E15: SCP-2 | F15: =VLOOKUP(E15,' Data Lists'!$T$3:$U$31,2,) -> PP3 | G15: pp3 | H15: 120 | I15: 70 | J15: =Database[[#This Row],[RATE , M3/D]]*(1-I15/100) -> 36 | K15: 95 | L15: 54.1 | M15: =Database[[#This Row],[ACT , M3/D2]]*(1-L15/100) -> 43.605 | N15: 141 | O15: 0.29 | P15: 100 | Q15: 50 | U15: FLEX-10 | V15: 293 | Z15: 43172 | AB15: No | AH15: =VLOOKUP(E15,' Data Lists'!$Z$3:$AA$31,2,) -> IN SERVICE
A16: 113M-30 | B16: Waiting Work Over | C16: Reported | D16: PROD. | E16: SCP-2 | F16: =VLOOKUP(E16,' Data Lists'!$T$3:$U$31,2,) -> PP3 | G16: pp3 | H16: 0 | I16: 87 | J16: =Database[[#This Row],[RATE , M3/D]]*(1-I16/100) -> 0 | K16: 0 | L16: 68.9 | M16: =Database[[#This Row],[ACT , M3/D2]]*(1-L16/100) -> 0 | N16: 0 | O16: 0 | P16: 0 | Q16: 0 | S16: 208 | T16: 65 | U16: GN-2100 | V16: 249 | Z16: 42619 | AB16: No | AH16: =VLOOKUP(E16,' Data Lists'!$Z$3:$AA$31,2,) -> IN SERVICE
A17: 113M-35 | B17: Producer | C17: Not Reported | D17: PROD. | E17: M-35 | F17: =VLOOKUP(E17,' Data Lists'!$T$3:$U$31,2,) -> PP2 | G17: PP2 | H17: 0 | I17: 80 | J17: =Database[[#This Row],[RATE , M3/D]]*(1-I17/100) -> 0 | K17: 200 | L17: 97.2 | M17: =Database[[#This Row],[ACT , M3/D2]]*(1-L17/100) -> 5.6 | N17: 0 | O17: 0 | P17: 150 | Q17: 38 | S17: 138 | T17: 44 | U17: GC-1200 | V17: 240 | Z17: 42722 | AB17: No | AH17: =VLOOKUP(E17,' Data Lists'!$Z$3:$AA$31,2,) -> OUT OF SERVICE
A18: 113M-40 | B18: Waiting Work Over | C18: Not Reported | D18: PROD. | E18: M-35 | F18: =VLOOKUP(E18,' Data Lists'!$T$3:$U$31,2,) -> PP2 | G18: PP2 | J18: =Database[[#This Row],[RATE , M3/D]]*(1-I18/100) -> 0 | K18: 0 | L18: 0 | M18: =Database[[#This Row],[ACT , M3/D2]]*(1-L18/100) -> 0 | N18: 0 | O18: 0 | P18: 0 | Q18: 0 | S18: 100 | T18: 36 | U18: P-6 | V18: 310 | Z18: 42740 | AB18: No | AH18: =VLOOKUP(E18,' Data Lists'!$Z$3:$AA$31,2,) -> OUT OF SERVICE
A19: 113M-42 | B19: Waiting Work Over | C19: Reported | D19: PROD. | E19: SCP-2 | F19: =VLOOKUP(E19,' Data Lists'!$T$3:$U$31,2,) -> PP3 | G19: PP3 | H19: 0 | I19: 90 | J19: =Database[[#This Row],[RATE , M3/D]]*(1-I19/100) -> 0 | K19: 0 | L19: 0 | M19: =Database[[#This Row],[ACT , M3/D2]]*(1-L19/100) -> 0 | N19: 0 | O19: 0 | P19: 100 | Q19: 119 | S19: 374 | T19: 127 | U19: GC-3500 | V19: 234 | Z19: 42629 | AB19: No | AH19: =VLOOKUP(E19,' Data Lists'!$Z$3:$AA$31,2,) -> IN SERVICE
A20: 113M-45 | B20: Waiting Work Over | C20: Reported | D20: PROD. | E20: SCP-2 | F20: =VLOOKUP(E20,' Data Lists'!$T$3:$U$31,2,) -> PP3 | G20: PP3 | H20: 50 | I20: 60 | J20: =Database[[#This Row],[RATE , M3/D]]*(1-I20/100) -> 20 | K20: 60 | L20: 95 | M20: =Database[[#This Row],[ACT , M3/D2]]*(1-L20/100) -> 3 | N20: 342 | O20: 0.12 | P20: 100 | Q20: 21 | S20: 73 | T20: 27 | U20: P-4 | V20: 320 | Z20: 42026 | AB20: No | AH20: =VLOOKUP(E20,' Data Lists'!$Z$3:$AA$31,2,) -> IN SERVICE
A21: 113M-46 | B21: Producer | C21: Reported | D21: PROD. | E21: M-2 | F21: =VLOOKUP(E21,' Data Lists'!$T$3:$U$31,2,) -> PP3 | G21: MWP-2 | H21: 200 | I21: 95 | J21: =Database[[#This Row],[RATE , M3/D]]*(1-I21/100) -> 10 | K21: 185 | L21: 93.3 | M21: =Database[[#This Row],[ACT , M3/D2]]*(1-L21/100) -> 12.395 | N21: 90 | O21: 0.11 | P21: 400 | Q21: 62 | S21: 187 | T21: 59 | U21: GC-1700 | V21: 238 | Z21: 43638 | AB21: Yes | AH21: =VLOOKUP(E21,' Data Lists'!$Z$3:$AA$31,2,) -> IN SERVICE
A22: 113M-48 | B22: Producer | C22: Reported | D22: PROD. | E22: MWP-1 | F22: =VLOOKUP(E22,' Data Lists'!$T$3:$U$31,2,) -> PP2 | G22: PP2 | H22: 80 | I22: 41 | J22: =Database[[#This Row],[RATE , M3/D]]*(1-I22/100) -> 47.2 | K22: 80 | L22: 36.8 | M22: =Database[[#This Row],[ACT , M3/D2]]*(1-L22/100) -> 50.56 | N22: 110 | O22: 0.16 | P22: 400 | Q22: 22 | S22: 133 | T22: 30.5 | U22: D800N | V22: 309 | Z22: 43414 | AB22: No | AH22: =VLOOKUP(E22,' Data Lists'!$Z$3:$AA$31,2,) -> IN SERVICE
A23: 113M-49 | B23: Waiting Work Over | C23: Reported | D23: PROD. | E23: MWP-1 | F23: =VLOOKUP(E23,' Data Lists'!$T$3:$U$31,2,) -> PP2 | G23: PP2 | H23: 90 | I23: 83.5 | J23: =Database[[#This Row],[RATE , M3/D]]*(1-I23/100) -> 14.85 | K23: 90 | L23: 84.2 | M23: =Database[[#This Row],[ACT , M3/D2]]*(1-L23/100) -> 14.22 | N23: 100 | O23: 0.22 | P23: 120 | Q23: 33 | S23: 133 | T23: 46 | U23: D1150N | V23: 299 | Z23: 42642 | AB23: No | AH23: =VLOOKUP(E23,' Data Lists'!$Z$3:$AA$31,2,) -> IN SERVICE
A24: 113M-50 | B24: Waiting Work Over | C24: Reported | D24: PROD. | E24: MWP-1 | F24: =VLOOKUP(E24,' Data Lists'!$T$3:$U$31,2,) -> PP2 | G24: PP2 | H24: 30 | I24: 3.6 | J24: =Database[[#This Row],[RATE , M3/D]]*(1-I24/100) -> 28.92 | K24: 30 | L24: 4 | M24: =Database[[#This Row],[ACT , M3/D2]]*(1-L24/100) -> 28.8 | N24: 63 | O24: 0.03 | P24: 400 | Q24: 12 | S24: 67 | T24: 24 | U24: WD-450 | V24: 450 | Z24: 43973 | AB24: NO | AH24: =VLOOKUP(E24,' Data Lists'!$Z$3:$AA$31,2,) -> IN SERVICE
A25: 113M-55 | B25: Waiting Work Over | C25: Reported | D25: PROD. | E25: MWP-2 | F25: =VLOOKUP(E25,' Data Lists'!$T$3:$U$31,2,) -> PP3 | G25: MWP-2 | H25: 45 | I25: 67.4 | J25: =Database[[#This Row],[RATE , M3/D]]*(1-I25/100) -> 14.67 | K25: 50 | L25: 20.3 | M25: =Database[[#This Row],[ACT , M3/D2]]*(1-L25/100) -> 39.85 | N25: 27 | O25: 0.03 | P25: 400 | Q25: 13 | S25: 66.7 | T25: 24 | U25: WD-450 | V25: 436 | Z25: 44094 | AB25: No | AH25: =VLOOKUP(E25,' Data Lists'!$Z$3:$AA$31,2,) -> IN SERVICE
A26: 113M-57 | B26: Producer | C26: Reported | D26: PROD. | E26: MWP-2 | F26: =VLOOKUP(E26,' Data Lists'!$T$3:$U$31,2,) -> PP3 | G26: MWP-2 | H26: 180 | I26: 66 | J26: =Database[[#This Row],[RATE , M3/D]]*(1-I26/100) -> 61.2 | K26: 180 | L26: 78.2 | M26: =Database[[#This Row],[ACT , M3/D2]]*(1-L26/100) -> 39.24 | N26: 42 | O26: 0.03 | P26: 400 | Q26: 40 | S26: 150 | T26: 50 | U26: WG-1600 | V26: 195 | Z26: 43825 | AB26: No | AH26: =VLOOKUP(E26,' Data Lists'!$Z$3:$AA$31,2,) -> IN SERVICE
A27: 113M-58 | B27: Producer | C27: Reported | D27: PROD. | E27: MWP-2 | F27: =VLOOKUP(E27,' Data Lists'!$T$3:$U$31,2,) -> PP3 | G27: MWP-2 | H27: 130 | I27: 91.3 | J27: =Database[[#This Row],[RATE , M3/D]]*(1-I27/100) -> 11.31 | K27: 130 | L27: 91.3 | M27: =Database[[#This Row],[ACT , M3/D2]]*(1-L27/100) -> 11.31 | N27: 83 | O27: 0.08 | P27: 400 | Q27: 29 | S27: 133 | T27: 46 | U27: WD-1300 | V27: 358 | Z27: 44055 | AB27: No | AH27: =VLOOKUP(E27,' Data Lists'!$Z$3:$AA$31,2,) -> IN SERVICE
A28: 113M-59 | B28: Producer | C28: Reported | D28: PROD. | E28: M-7 | F28: =VLOOKUP(E28,' Data Lists'!$T$3:$U$31,2,) -> PP2 | G28: RLP | H28: 170 | I28: 90.8 | J28: =Database[[#This Row],[RATE , M3/D]]*(1-I28/100) -> 15.64 | K28: 170 | L28: 82.9 | M28: =Database[[#This Row],[ACT , M3/D2]]*(1-L28/100) -> 29.07 | N28: 103 | O28: 0.025 | P28: 400 | Q28: 44 | S28: 167 | T28: 60 | U28: B400-1750 | V28: 458 | Z28: 43721 | AB28: SUB MARINE | AH28: =VLOOKUP(E28,' Data Lists'!$Z$3:$AA$31,2,) -> IN SERVICE
A29: 113M-65 | B29: Producer | C29: Reported | D29: PROD. | E29: CL 18/20 | F29: =VLOOKUP(E29,' Data Lists'!$T$3:$U$31,2,) -> PP3 | G29: MWP-2 | H29: 0 | I29: 95 | J29: =Database[[#This Row],[RATE , M3/D]]*(1-I29/100) -> 0 | K29: 0 | L29: 92 | M29: =Database[[#This Row],[ACT , M3/D2]]*(1-L29/100) -> 0 | N29: 0 | O29: 0 | P29: 400 | Q29: 31 | S29: 116.7 | T29: 39 | U29: WF400-1250 | V29: 328 | Z29: 43356 | AB29: No | AH29: =VLOOKUP(E29,' Data Lists'!$Z$3:$AA$31,2,) -> IN SERVICE
A30: 113M-66 | B30: Producer | C30: Reported | D30: PROD. | E30: CL 18/20 | F30: =VLOOKUP(E30,' Data Lists'!$T$3:$U$31,2,) -> PP3 | G30: PP3 | H30: 150 | I30: 90 | J30: =Database[[#This Row],[RATE , M3/D]]*(1-I30/100) -> 15 | K30: 140 | L30: 98 | M30: =Database[[#This Row],[ACT , M3/D2]]*(1-L30/100) -> 2.8 | N30: 89 | O30: 0.06 | P30: 500 | Q30: 32 | S30: 133 | T30: 46 | U30: WF400-1250 | V30: 365 | Z30: 43544 | AB30: No | AH30: =VLOOKUP(E30,' Data Lists'!$Z$3:$AA$31,2,) -> IN SERVICE
... A32: 113M-68 ST | B32: Producer | C32: Reported | D32: PROD. | E32: BM-1 | F32: =VLOOKUP(E32,' Data Lists'!$T$3:$U$31,2,) -> PP2 | G32: PP2 | H32: 0 | I32: 98 | J32: =Database[[#This Row],[RATE , M3/D]]*(1-I32/100) -> 0 | K32: 0 | L32: 96 | M32: =Database[[#This Row],[ACT , M3/D2]]*(1-L32/100) -> 0 | N32: 0 | O32: 0 | P32: 0 | Q32: 25 | S32: 100 | T32: 35 | U32: B400-700 | V32: 377 | Z32: 43715 | AB32: REDA | AH32: =VLOOKUP(E32,' Data Lists'!$Z$3:$AA$31,2,) -> IN SERVICE
A33: 113M-70 | B33: Producer | C33: Reported | D33: PROD. | E33: M-4 | F33: =VLOOKUP(E33,' Data Lists'!$T$3:$U$31,2,) -> PP2 | G33: RLP | H33: 100 | I33: 80 | J33: =Database[[#This Row],[RATE , M3/D]]*(1-I33/100) -> 20 | K33: 75 | L33: 66.9 | M33: =Database[[#This Row],[ACT , M3/D2]]*(1-L33/100) -> 24.825 | N33: 69 | O33: 0.14 | P33: 400 | Q33: 29 | S33: 93 | T33: 32 | U33: B400-1050 | V33: 332 | Z33: 42845 | AB33: REDA | AD33: TRANSFORMER | AH33: =VLOOKUP(E33,' Data Lists'!$Z$3:$AA$31,2,) -> IN SERVICE
A34: 113M-71 | B34: Producer | C34: Reported | D34: PROD. | E34: M-8 | F34: =VLOOKUP(E34,' Data Lists'!$T$3:$U$31,2,) -> PP2 | G34: RLP | H34: 0 | I34: 87 | J34: =Database[[#This Row],[RATE , M3/D]]*(1-I34/100) -> 0 | K34: 0 | L34: 91.4 | M34: =Database[[#This Row],[ACT , M3/D2]]*(1-L34/100) -> 0 | N34: 0 | O34: 0 | P34: 400 | Q34: 46 | S34: 187.5 | T34: 62 | U34: B516-1600 | V34: 255 | Z34: 43152 | AB34: REDA | AH34: =VLOOKUP(E34,' Data Lists'!$Z$3:$AA$31,2,) -> OUT OF SERVICE
A35: 113M-72 | B35: Waiting Work Over | C35: Reported | D35: PROD. | E35: CL-12 | F35: =VLOOKUP(E35,' Data Lists'!$T$3:$U$31,2,) -> PP2 | G35: RLP | H35: 0 | I35: 0 | J35: =Database[[#This Row],[RATE , M3/D]]*(1-I35/100) -> 0 | K35: 35 | L35: 67.8 | M35: =Database[[#This Row],[ACT , M3/D2]]*(1-L35/100) -> 11.27 | P35: 400 | Q35: 18 | S35: 58 | T35: 22 | U35: P-4 | V35: 248 | Z35: 24/3/2019 | AB35: REDA | AD35: TRANSFORMER | AH35: =VLOOKUP(E35,' Data Lists'!$Z$3:$AA$31,2,) -> IN SERVICE
A36: 113M-74 | B36: Producer | C36: Reported | D36: PROD. | E36: CL 18/20 | F36: =VLOOKUP(E36,' Data Lists'!$T$3:$U$31,2,) -> PP3 | G36: MWP-2 | H36: 150 | I36: 80 | J36: =Database[[#This Row],[RATE , M3/D]]*(1-I36/100) -> 30 | K36: 180 | L36: 69.6 | M36: =Database[[#This Row],[ACT , M3/D2]]*(1-L36/100) -> 54.72 | N36: 33 | O36: 0.08 | P36: 400 | Q36: 30 | S36: 150 | T36: 50 | U36: WD-1300 | V36: 370 | Z36: 24/3/2019 | AB36: No | AH36: =VLOOKUP(E36,' Data Lists'!$Z$3:$AA$31,2,) -> IN SERVICE
A37: 113M-76 | B37: Producer | C37: Reported | D37: PROD. | E37: MWP-2 | F37: =VLOOKUP(E37,' Data Lists'!$T$3:$U$31,2,) -> PP3 | G37: MWP-2 | H37: 80 | I37: 93 | J37: =Database[[#This Row],[RATE , M3/D]]*(1-I37/100) -> 5.6 | K37: 80 | L37: 74.3 | M37: =Database[[#This Row],[ACT , M3/D2]]*(1-L37/100) -> 20.56 | N37: 265 | O37: 0.32 | P37: 130 | Q37: 31 | S37: 104 | T37: 39 | U37: FLEX-10 | V37: 285 | Z37: 43326 | AB37: No | AH37: =VLOOKUP(E37,' Data Lists'!$Z$3:$AA$31,2,) -> IN SERVICE
A38: 113M-77 H | B38: Producer | C38: Reported | D38: PROD. | E38: M-1 | F38: =VLOOKUP(E38,' Data Lists'!$T$3:$U$31,2,) -> PP2/PP3 | G38: PP3 | H38: 170 | I38: 85 | J38: =Database[[#This Row],[RATE , M3/D]]*(1-I38/100) -> 25.5 | K38: 170 | L38: 85.4 | M38: =Database[[#This Row],[ACT , M3/D2]]*(1-L38/100) -> 24.82 | N38: 71 | O38: 0.04 | P38: 500 | Q38: 37 | S38: 146 | T38: 48 | U38: GN-1600 | V38: 201 | Z38: 42538 | AB38: No | AH38: =VLOOKUP(E38,' Data Lists'!$Z$3:$AA$31,2,) -> IN SERVICE
A39: 113M-78 | B39: Producer | C39: Reported | D39: PROD. | E39: M-8 | F39: =VLOOKUP(E39,' Data Lists'!$T$3:$U$31,2,) -> PP2 | G39: PP2 | H39: 80 | I39: 46 | J39: =Database[[#This Row],[RATE , M3/D]]*(1-I39/100) -> 43.2 | K39: 70 | L39: 68.8 | M39: =Database[[#This Row],[ACT , M3/D2]]*(1-L39/100) -> 21.84 | N39: 117 | O39: 0.08 | P39: 400 | Q39: 22 | S39: 83.5 | T39: 28.5 | U39: WD-650 | V39: 510 | Z39: 43628 | AB39: No | AH39: =VLOOKUP(E39,' Data Lists'!$Z$3:$AA$31,2,) -> OUT OF SERVICE
A40: 113M-79 | B40: Producer | C40: Reported | D40: PROD. | E40: M-7 | F40: =VLOOKUP(E40,' Data Lists'!$T$3:$U$31,2,) -> PP2 | G40: PP2 | H40: 50 | I40: 53.2 | J40: =Database[[#This Row],[RATE , M3/D]]*(1-I40/100) -> 23.4 | K40: 50 | L40: 82.2 | M40: =Database[[#This Row],[ACT , M3/D2]]*(1-L40/100) -> 8.9 | N40: 68 | O40: 0.019 | P40: 400 | Q40: 19 | S40: 83 | T40: 28.5 | U40: WD-850 | V40: 272 | Z40: 43429 | AB40: SUB MARINE | AH40: =VLOOKUP(E40,' Data Lists'!$Z$3:$AA$31,2,) -> IN SERVICE
A41: 113M-80 | B41: Producer | C41: Reported | D41: PROD. | E41: CL 18/20 | F41: =VLOOKUP(E41,' Data Lists'!$T$3:$U$31,2,) -> PP3 | G41: PP3 | H41: 90 | I41: 50.7 | J41: =Database[[#This Row],[RATE , M3/D]]*(1-I41/100) -> 44.37 | K41: 100 | L41: 65.5 | M41: =Database[[#This Row],[ACT , M3/D2]]*(1-L41/100) -> 34.5 | N41: 74 | O41: 0.012 | P41: 500 | Q41: 23 | S41: 95 | T41: 30 | U41: FLEX-10 | V41: 190 | Z41: 43577 | AB41: No | AH41: =VLOOKUP(E41,' Data Lists'!$Z$3:$AA$31,2,) -> IN SERVICE
A42: 113M-81 | B42: Producer | C42: Reported | D42: PROD. | E42: M-4 | F42: =VLOOKUP(E42,' Data Lists'!$T$3:$U$31,2,) -> PP2 | G42: PP2 | H42: 140 | I42: 86 | J42: =Database[[#This Row],[RATE , M3/D]]*(1-I42/100) -> 19.6 | K42: 115 | L42: 88.9 | M42: =Database[[#This Row],[ACT , M3/D2]]*(1-L42/100) -> 12.765 | N42: 208 | O42: 0.14 | P42: 400 | Q42: 31 | S42: 125 | T42: 45 | U42: B400-1050 | V42: 400 | Z42: 42861 | AB42: SUB MARINE | AH42: =VLOOKUP(E42,' Data Lists'!$Z$3:$AA$31,2,) -> IN SERVICE
A43: 113M-82 | B43: Producer | C43: Reported | D43: PROD. | E43: M-4 | F43: =VLOOKUP(E43,' Data Lists'!$T$3:$U$31,2,) -> PP2 | G43: PP2 | H43: 90 | I43: 51 | J43: =Database[[#This Row],[RATE , M3/D]]*(1-I43/100) -> 44.1 | K43: 80 | L43: 58.5 | M43: =Database[[#This Row],[ACT , M3/D2]]*(1-L43/100) -> 33.2 | N43: 118 | O43: 0.15 | P43: 500 | Q43: 24 | S43: 104 | T43: 39 | U43: P-8 | V43: 259 | Z43: 43311 | AB43: SUB MARINE | AH43: =VLOOKUP(E43,' Data Lists'!$Z$3:$AA$31,2,) -> IN SERVICE
A44: 113M-83 | B44: Producer | C44: Reported | D44: PROD. | E44: M-4 | F44: =VLOOKUP(E44,' Data Lists'!$T$3:$U$31,2,) -> PP2 | G44: PP2 | H44: 0 | I44: 94.6 | J44: =Database[[#This Row],[RATE , M3/D]]*(1-I44/100) -> 0 | K44: 0 | L44: 92.5 | M44: =Database[[#This Row],[ACT , M3/D2]]*(1-L44/100) -> 0 | N44: 0 | O44: 0 | P44: 400 | Q44: 14 | S44: 66.7 | T44: 24 | U44: WD-450 | V44: 422 | Z44: 43508 | AB44: SUB MARINE | AH44: =VLOOKUP(E44,' Data Lists'!$Z$3:$AA$31,2,) -> IN SERVICE
A45: 113M-84 | B45: Producer | C45: Reported | D45: PROD. | E45: M-2 | F45: =VLOOKUP(E45,' Data Lists'!$T$3:$U$31,2,) -> PP3 | G45: PP2 | H45: 550 | I45: 26.2 | J45: =Database[[#This Row],[RATE , M3/D]]*(1-I45/100) -> 405.9 | K45: 545 | L45: 96 | M45: =Database[[#This Row],[ACT , M3/D2]]*(1-L45/100) -> 21.8 | N45: 114 | O45: 0.38 | P45: 200 | Q45: 90 | S45: 115 | T45: 115 | U45: B513-6000 | V45: 340 | Z45: 43842 | AB45: SUB MARINE | AD45: TRANSFORMER | AH45: =VLOOKUP(E45,' Data Lists'!$Z$3:$AA$31,2,) -> IN SERVICE
A46: 113M-85 | B46: Producer | C46: Not Reported | D46: PROD. | J46: =Database[[#This Row],[RATE , M3/D]]*(1-I46/100) -> 0 | M46: =Database[[#This Row],[ACT , M3/D2]]*(1-L46/100) -> 0 | AH46: =VLOOKUP(E46,' Data Lists'!$Z$3:$AA$31,2,) -> #N/A
A47: 113M-86 | B47: Producer | C47: Reported | D47: PROD. | E47: M-6 | F47: =VLOOKUP(E47,' Data Lists'!$T$3:$U$31,2,) -> PP2 | G47: RLP | H47: 60 | I47: 30 | J47: =Database[[#This Row],[RATE , M3/D]]*(1-I47/100) -> 42 | K47: 60 | L47: 40.9 | M47: =Database[[#This Row],[ACT , M3/D2]]*(1-L47/100) -> 35.46 | N47: 385 | O47: 0.19 | P47: 500 | Q47: 17 | S47: 64 | T47: 24 | U47: FLEX 3.2 | V47: 401 | Z47: 43919 | AB47: REDA | AH47: =VLOOKUP(E47,' Data Lists'!$Z$3:$AA$31,2,) -> IN SERVICE
A48: 113M-87 | B48: Producer | C48: Not Reported | D48: PROD. | E48: CL 18/20 | F48: =VLOOKUP(E48,' Data Lists'!$T$3:$U$31,2,) -> PP3 | G48: PP3 | J48: =Database[[#This Row],[RATE , M3/D]]*(1-I48/100) -> 0 | K48: 80 | L48: 77.2 | M48: =Database[[#This Row],[ACT , M3/D2]]*(1-L48/100) -> 18.24 | P48: 400 | Q48: 19 | S48: 64 | T48: 24 | U48: FLEX 3.2 | V48: 406 | Z48: 43747 | AB48: No | AH48: =VLOOKUP(E48,' Data Lists'!$Z$3:$AA$31,2,) -> IN SERVICE
A49: 113M-91 | B49: Producer | C49: Reported | D49: PROD. | E49: M-7 | F49: =VLOOKUP(E49,' Data Lists'!$T$3:$U$31,2,) -> PP2 | G49: F-10 | H49: 0 | I49: 71.2 | J49: =Database[[#This Row],[RATE , M3/D]]*(1-I49/100) -> 0 | K49: 0 | L49: 71.2 | M49: =Database[[#This Row],[ACT , M3/D2]]*(1-L49/100) -> 0 | N49: 212 | O49: 0.19 | P49: 400 | Q49: 27 | R49: 50 | S49: 104 | T49: 39 | U49: FLEX-10 | V49: 190 | Z49: 43928 | AB49: REDA | AD49: VSD | AH49: =VLOOKUP(E49,' Data Lists'!$Z$3:$AA$31,2,) -> IN SERVICE
A50: 113M-94 | B50: Waiting Work Over | C50: Reported | D50: PROD. | E50: M-1 | F50: =VLOOKUP(E50,' Data Lists'!$T$3:$U$31,2,) -> PP2/PP3 | G50: PP3 | H50: 0 | I50: 80 | J50: =Database[[#This Row],[RATE , M3/D]]*(1-I50/100) -> 0 | K50: 0 | L50: 76.7 | M50: =Database[[#This Row],[ACT , M3/D2]]*(1-L50/100) -> 0 | N50: 70 | O50: 0.03 | P50: 0 | Q50: 0 | S50: 97 | T50: 29.5 | U50: B400-700 | V50: 359 | Z50: 44027 | AB50: Yes | AH50: =VLOOKUP(E50,' Data Lists'!$Z$3:$AA$31,2,) -> IN SERVICE
A51: 113M-96 | B51: Producer | C51: Reported | D51: PROD. | E51: CL 18/20 | F51: =VLOOKUP(E51,' Data Lists'!$T$3:$U$31,2,) -> PP3 | G51: PP3 | J51: =Database[[#This Row],[RATE , M3/D]]*(1-I51/100) -> 0 | K51: 140 | L51: 92 | M51: =Database[[#This Row],[ACT , M3/D2]]*(1-L51/100) -> 11.2 | P51: 400 | Q51: 35 | S51: 150 | T51: 48 | U51: B400-1250 | V51: 377 | Z51: 43894 | AB51: No | AH51: =VLOOKUP(E51,' Data Lists'!$Z$3:$AA$31,2,) -> IN SERVICE
A52: 113M-97 | B52: Producer | C52: Reported | D52: PROD. | E52: CL 18/20 | F52: =VLOOKUP(E52,' Data Lists'!$T$3:$U$31,2,) -> PP3 | G52: pp3 | H52: 50 | I52: 50 | J52: =Database[[#This Row],[RATE , M3/D]]*(1-I52/100) -> 25 | K52: 50 | L52: 50 | M52: =Database[[#This Row],[ACT , M3/D2]]*(1-L52/100) -> 25 | N52: 62 | O52: 0.06 | P52: 400 | Q52: 24 | S52: 64 | T52: 24 | U52: FLEX 3.2 | V52: 617 | Z52: 44128 | AB52: SUB MARINE | AD52: DOL | AH52: =VLOOKUP(E52,' Data Lists'!$Z$3:$AA$31,2,) -> IN SERVICE
A53: 113M-99 | B53: Producer | C53: Reported | D53: PROD. | E53: M-10 | F53: =VLOOKUP(E53,' Data Lists'!$T$3:$U$31,2,) -> PP2/PP3 | G53: PP3 | H53: 250 | I53: 84 | J53: =Database[[#This Row],[RATE , M3/D]]*(1-I53/100) -> 40 | K53: 210 | L53: 79.6 | M53: =Database[[#This Row],[ACT , M3/D2]]*(1-L53/100) -> 42.84 | N53: 225 | O53: 0.14 | P53: 500 | Q53: 47 | S53: 187 | T53: 63 | U53: GC-1700 | V53: 204 | Z53: 43040 | AB53: No | AH53: =VLOOKUP(E53,' Data Lists'!$Z$3:$AA$31,2,) -> OUT OF SERVICE
A54: 113M-100 | B54: Producer | C54: Reported | D54: PROD. | E54: M-8 | F54: =VLOOKUP(E54,' Data Lists'!$T$3:$U$31,2,) -> PP2 | G54: F-10 | H54: 100 | I54: 58.2 | J54: =Database[[#This Row],[RATE , M3/D]]*(1-I54/100) -> 41.8 | K54: 100 | L54: 58.2 | M54: =Database[[#This Row],[ACT , M3/D2]]*(1-L54/100) -> 41.8 | N54: 99 | O54: 0.14 | P54: 400 | Q54: 32 | S54: 116.7 | T54: 39 | U54: B400-1050 | V54: 364 | Z54: 44060 | AB54: REDA | AH54: =VLOOKUP(E54,' Data Lists'!$Z$3:$AA$31,2,) -> OUT OF SERVICE
A55: 113M-101 | B55: Producer | C55: Reported | D55: PROD. | E55: M-7 | F55: =VLOOKUP(E55,' Data Lists'!$T$3:$U$31,2,) -> PP2 | G55: F-10 | J55: =Database[[#This Row],[RATE , M3/D]]*(1-I55/100) -> 0 | K55: 30 | L55: 0.8 | M55: =Database[[#This Row],[ACT , M3/D2]]*(1-L55/100) -> 29.76 | N55: 32 | O55: 0.03 | P55: 400 | Q55: 13 | S55: 67 | T55: 24 | U55: WD-450 | V55: 472 | Z55: 43391 | AB55: SUB MARINE | AD55: TRANSFORMER | AH55: =VLOOKUP(E55,' Data Lists'!$Z$3:$AA$31,2,) -> IN SERVICE
A56: 113M-103 | B56: Producer | C56: Reported | D56: PROD. | E56: MWP-2 | F56: =VLOOKUP(E56,' Data Lists'!$T$3:$U$31,2,) -> PP3 | G56: MWP-2 | H56: 400 | I56: 69.3 | J56: =Database[[#This Row],[RATE , M3/D]]*(1-I56/100) -> 122.8 | K56: 400 | L56: 95.6 | M56: =Database[[#This Row],[ACT , M3/D2]]*(1-L56/100) -> 17.6 | N56: 39 | O56: 0.08 | P56: 400 | Q56: 99 | S56: 348 | T56: 127 | U56: B513-3100 | V56: 327 | Z56: 44047 | AB56: No | AH56: =VLOOKUP(E56,' Data Lists'!$Z$3:$AA$31,2,) -> IN SERVICE
A57: 113M-107 | B57: Waiting Work Over | C57: Reported | D57: PROD. | E57: M-8 | F57: =VLOOKUP(E57,' Data Lists'!$T$3:$U$31,2,) -> PP2 | G57: RLP | H57: 60 | I57: 80 | J57: =Database[[#This Row],[RATE , M3/D]]*(1-I57/100) -> 12 | K57: 60 | L57: 90.7 | M57: =Database[[#This Row],[ACT , M3/D2]]*(1-L57/100) -> 5.58 | N57: 281 | O57: 0.19 | P57: 400 | Q57: 18 | S57: 66.7 | T57: 24 | U57: WD-650 | V57: 388 | Z57: 43663 | AB57: SUB MARINE | AH57: =VLOOKUP(E57,' Data Lists'!$Z$3:$AA$31,2,) -> OUT OF SERVICE
A58: 113M-109 | B58: Waiting Work Over | C58: Reported | D58: PROD. | E58: M-8 | F58: =VLOOKUP(E58,' Data Lists'!$T$3:$U$31,2,) -> PP2 | G58: RLP | H58: 90 | I58: 50 | J58: =Database[[#This Row],[RATE , M3/D]]*(1-I58/100) -> 45 | K58: 90 | L58: 50.8 | M58: =Database[[#This Row],[ACT , M3/D2]]*(1-L58/100) -> 44.28 | N58: 397 | O58: 0.22 | P58: 400 | Q58: 25 | S58: 100 | T58: 35 | U58: WD-850 | V58: 354 | Z58: 43745 | AB58: REDA | AH58: =VLOOKUP(E58,' Data Lists'!$Z$3:$AA$31,2,) -> OUT OF SERVICE
A59: 113M-110 | B59: Producer | C59: Not Reported | D59: PROD. | E59: M-8 | F59: =VLOOKUP(E59,' Data Lists'!$T$3:$U$31,2,) -> PP2 | G59: PP2 | H59: 0 | I59: 94.6 | J59: =Database[[#This Row],[RATE , M3/D]]*(1-I59/100) -> 0 | K59: 0 | L59: 93.7 | M59: =Database[[#This Row],[ACT , M3/D2]]*(1-L59/100) -> 0 | N59: 0 | O59: 0 | P59: 800 | Q59: 30 | S59: 83 | T59: 30 | U59: P-6 | V59: 326 | Z59: 43244 | AB59: No | AH59: =VLOOKUP(E59,' Data Lists'!$Z$3:$AA$31,2,) -> OUT OF SERVICE
A60: 113M-112 | B60: Producer | C60: Reported | D60: PROD. | E60: BM-3 | F60: =VLOOKUP(E60,' Data Lists'!$T$3:$U$31,2,) -> D10 | G60: F-10 | H60: 140 | I60: 71.6 | J60: =Database[[#This Row],[RATE , M3/D]]*(1-I60/100) -> 39.76 | K60: 130 | L60: 80.2 | M60: =Database[[#This Row],[ACT , M3/D2]]*(1-L60/100) -> 25.74 | N60: 119 | O60: 0.34 | P60: 250 | Q60: 30 | S60: 133 | T60: 46 | U60: WD1300MF | V60: 393 | Z60: 42823 | AB60: SUB MARINE | AD60: TRANSFORMER | AH60: =VLOOKUP(E60,' Data Lists'!$Z$3:$AA$31,2,) -> IN SERVICE
A61: 113M-115 | B61: Waiting Work Over | C61: Reported | D61: PROD. | E61: BM-7 | F61: =VLOOKUP(E61,' Data Lists'!$T$3:$U$31,2,) -> PP2 | G61: F-10 | H61: 120 | I61: 90.1 | J61: =Database[[#This Row],[RATE , M3/D]]*(1-I61/100) -> 11.88 | K61: 120 | L61: 90.1 | M61: =Database[[#This Row],[ACT , M3/D2]]*(1-L61/100) -> 11.88 | N61: 250 | O61: 0.39 | P61: 600 | Q61: 24 | S61: 125 | T61: 40 | U61: FLEX-10 | V61: 238 | Z61: 43983 | AB61: SUB MARINE | AD61: DOL | AH61: =VLOOKUP(E61,' Data Lists'!$Z$3:$AA$31,2,) -> IN SERVICE
A62: 113M-116 | B62: Producer | C62: Reported | D62: PROD. | E62: M-6 | F62: =VLOOKUP(E62,' Data Lists'!$T$3:$U$31,2,) -> PP2 | G62: PP2 | H62: 80 | I62: 48.9 | J62: =Database[[#This Row],[RATE , M3/D]]*(1-I62/100) -> 40.88 | K62: 70 | L62: 96 | M62: =Database[[#This Row],[ACT , M3/D2]]*(1-L62/100) -> 2.8 | N62: 114 | O62: 0.43 | P62: 400 | Q62: 23 | S62: 83 | T62: 30 | U62: B400-1050 | V62: 321 | Z62: 43486 | AB62: REDA | AH62: =VLOOKUP(E62,' Data Lists'!$Z$3:$AA$31,2,) -> IN SERVICE
A63: 113M-117 | B63: Producer | C63: Reported | D63: PROD. | E63: M-7 | F63: =VLOOKUP(E63,' Data Lists'!$T$3:$U$31,2,) -> PP2 | G63: F-10 | H63: 40 | I63: 46.5 | J63: =Database[[#This Row],[RATE , M3/D]]*(1-I63/100) -> 21.4 | K63: 50 | L63: 42.4 | M63: =Database[[#This Row],[ACT , M3/D2]]*(1-L63/100) -> 28.8 | N63: 173 | O63: 0.81 | P63: 400 | Q63: 18 | S63: 67 | T63: 20 | U63: WD-450 | V63: 438 | Z63: 43590 | AB63: REDA | AD63: VSD | AH63: =VLOOKUP(E63,' Data Lists'!$Z$3:$AA$31,2,) -> IN SERVICE
A64: 113M-118 | B64: Producer | C64: Reported | D64: PROD. | E64: CL 18/20 | F64: =VLOOKUP(E64,' Data Lists'!$T$3:$U$31,2,) -> PP3 | G64: PP3 | H64: 90 | I64: 50 | J64: =Database[[#This Row],[RATE , M3/D]]*(1-I64/100) -> 45 | K64: 150 | L64: 3.2 | M64: =Database[[#This Row],[ACT , M3/D2]]*(1-L64/100) -> 145.2 | N64: 71 | O64: 0.4 | P64: 400 | Q64: 17 | S64: 100 | T64: 35 | U64: B400-1050 | V64: 354 | Z64: 44119 | AB64: No | AH64: =VLOOKUP(E64,' Data Lists'!$Z$3:$AA$31,2,) -> IN SERVICE
A65: 113M-119 | B65: Producer | C65: Reported | D65: PROD. | E65: CL 18/20 | F65: =VLOOKUP(E65,' Data Lists'!$T$3:$U$31,2,) -> PP3 | H65: 100 | I65: 1.6 | J65: =Database[[#This Row],[RATE , M3/D]]*(1-I65/100) -> 98.4 | K65: 90 | L65: 7.3 | M65: =Database[[#This Row],[ACT , M3/D2]]*(1-L65/100) -> 83.43 | N65: 200 | O65: 0.42 | P65: 600 | Q65: 25 | S65: 133 | T65: 46 | U65: WD-1300 | V65: 400 | Z65: 43333 | AD65: DOL | AH65: =VLOOKUP(E65,' Data Lists'!$Z$3:$AA$31,2,) -> IN SERVICE
A66: 113M-120 | B66: Producer | C66: Reported | D66: PROD. | E66: M-1 | F66: =VLOOKUP(E66,' Data Lists'!$T$3:$U$31,2,) -> PP2/PP3 | G66: PP3 | H66: 200 | I66: 27.8 | J66: =Database[[#This Row],[RATE , M3/D]]*(1-I66/100) -> 144.4 | K66: 200 | L66: 4.8 | M66: =Database[[#This Row],[ACT , M3/D2]]*(1-L66/100) -> 190.4 | P66: 400 | Q66: 35 | S66: 150 | T66: 50 | U66: WD-1750 | V66: 449 | Z66: 43955 | AB66: SUB MARINE | AD66: TRANSFORMER | AH66: =VLOOKUP(E66,' Data Lists'!$Z$3:$AA$31,2,) -> IN SERVICE
A67: 113M-121 | B67: Producer | C67: Reported | D67: PROD. | E67: M-26 | F67: =VLOOKUP(E67,' Data Lists'!$T$3:$U$31,2,) -> PP3 | G67: PP3 | H67: 100 | I67: 13 | J67: =Database[[#This Row],[RATE , M3/D]]*(1-I67/100) -> 87 | K67: 115 | L67: 0.8 | M67: =Database[[#This Row],[ACT , M3/D2]]*(1-L67/100) -> 114.08 | N67: 82 | O67: 0.34 | P67: 500 | Q67: 37 | S67: 150 | T67: 48 | U67: FLEX-10 | V67: 357 | Z67: 43822 | AB67: REDA | AD67: VSD | AH67: =VLOOKUP(E67,' Data Lists'!$Z$3:$AA$31,2,) -> OUT OF SERVICE
A68: 113M-122 | B68: Producer | C68: Reported | D68: PROD. | E68: MWP-2 | F68: =VLOOKUP(E68,' Data Lists'!$T$3:$U$31,2,) -> PP3 | G68: MWP-2 | H68: 100 | I68: 4 | J68: =Database[[#This Row],[RATE , M3/D]]*(1-I68/100) -> 96 | K68: 100 | L68: 29.7 | M68: =Database[[#This Row],[ACT , M3/D2]]*(1-L68/100) -> 70.3 | N68: 47 | O68: 0.41 | P68: 400 | Q68: 25 | S68: 83 | T68: 27 | U68: D1050N | V68: 333 | Z68: 44040 | AB68: REDA | AD68: TRANSFORMER | AH68: =VLOOKUP(E68,' Data Lists'!$Z$3:$AA$31,2,) -> IN SERVICE
A69: 113M-123 | B69: Producer | C69: Reported | D69: PROD. | E69: M-7 | F69: =VLOOKUP(E69,' Data Lists'!$T$3:$U$31,2,) -> PP2 | G69: F-10 | H69: 180 | I69: 7 | J69: =Database[[#This Row],[RATE , M3/D]]*(1-I69/100) -> 167.4 | K69: 120 | L69: 22.7 | M69: =Database[[#This Row],[ACT , M3/D2]]*(1-L69/100) -> 92.76 | N69: 67 | O69: 0.35 | P69: 400 | Q69: 40 | R69: 50 | S69: 167 | T69: 54 | U69: WG-1750 | V69: 466 | Z69: 43902 | AB69: REDA | AD69: VSD | AH69: =VLOOKUP(E69,' Data Lists'!$Z$3:$AA$31,2,) -> IN SERVICE
A70: 113M-124 | B70: Waiting Work Over | C70: Reported | D70: PROD. | E70: M-8 | F70: =VLOOKUP(E70,' Data Lists'!$T$3:$U$31,2,) -> PP2 | G70: F-10 | H70: 80 | I70: 8 | J70: =Database[[#This Row],[RATE , M3/D]]*(1-I70/100) -> 73.6 | K70: 100 | L70: 1.6 | M70: =Database[[#This Row],[ACT , M3/D2]]*(1-L70/100) -> 98.4 | N70: 47 | O70: 0.35 | P70: 400 | Q70: 18 | S70: 83 | T70: 27 | U70: D1050N | V70: 361 | Z70: 44074 | AB70: Yes | AD70: VSD | AH70: =VLOOKUP(E70,' Data Lists'!$Z$3:$AA$31,2,) -> OUT OF SERVICE
A71: 113M-125 | B71: Waiting Work Over | C71: Reported | D71: PROD. | E71: CL 18/20 | F71: =VLOOKUP(E71,' Data Lists'!$T$3:$U$31,2,) -> PP3 | G71: PP3 | H71: 45 | I71: 5 | J71: =Database[[#This Row],[RATE , M3/D]]*(1-I71/100) -> 42.75 | K71: 50 | L71: 100 | M71: =Database[[#This Row],[ACT , M3/D2]]*(1-L71/100) -> 0 | N71: 47 | O71: 0.35 | P71: 300 | Q71: 28 | S71: 133 | T71: 32 | U71: FLEX-10 | V71: 222 | Z71: 44107 | AB71: REDA | AD71: VSD | AH71: =VLOOKUP(E71,' Data Lists'!$Z$3:$AA$31,2,) -> IN SERVICE
A72: 113M-126 | B72: Producer | C72: Reported | D72: PROD. | E72: M-1 | F72: PP3 | G72: PP3 | J72: =Database[[#This Row],[RATE , M3/D]]*(1-I72/100) -> 0 | M72: =Database[[#This Row],[ACT , M3/D2]]*(1-L72/100) -> 0 | AH72: =VLOOKUP(E72,' Data Lists'!$Z$3:$AA$31,2,) -> IN SERVICE
A73: 113M-128 | B73: Producer | C73: Reported | D73: PROD. | E73: CL 18/20 | F73: PP3 | G73: MWP-2 | H73: 100 | I73: 18.3 | J73: =Database[[#This Row],[RATE , M3/D]]*(1-I73/100) -> 81.7 | K73: 100 | L73: 38.5 | M73: =Database[[#This Row],[ACT , M3/D2]]*(1-L73/100) -> 61.5 | AH73: =VLOOKUP(E73,' Data Lists'!$Z$3:$AA$31,2,) -> IN SERVICE
A74: 113M-129 | B74: Producer | C74: Reported | D74: PROD. | E74: M-26 | F74: PP3 | G74: PP3 | H74: 200 | I74: 59.4 | J74: =Database[[#This Row],[RATE , M3/D]]*(1-I74/100) -> 81.2 | K74: 200 | L74: 57.3 | M74: =Database[[#This Row],[ACT , M3/D2]]*(1-L74/100) -> 85.4 | AH74: =VLOOKUP(E74,' Data Lists'!$Z$3:$AA$31,2,) -> OUT OF SERVICE
A75: BM-15 RE. | B75: Producer | C75: Reported | D75: PROD. | E75: BM 15/27 | F75: =VLOOKUP(E75,' Data Lists'!$T$3:$U$31,2,) -> PP2 | G75: pp2 | H75: 50 | I75: 75 | J75: =Database[[#This Row],[RATE , M3/D]]*(1-I75/100) -> 12.5 | K75: 50 | L75: 33.1 | M75: =Database[[#This Row],[ACT , M3/D2]]*(1-L75/100) -> 33.45 | N75: 158 | O75: 0.04 | P75: 400 | Q75: 17 | S75: 83 | T75: 27 | U75: WD450+TT74:T126 | V75: 245 | Z75: 43422 | AB75: REDA | AH75: =VLOOKUP(E75,' Data Lists'!$Z$3:$AA$31,2,) -> OUT OF SERVICE
A76: BM-17 | B76: Producer | C76: Reported | D76: PROD. | E76: SCP-1 | F76: =VLOOKUP(E76,' Data Lists'!$T$3:$U$31,2,) -> D10 | G76: SCP-1 | H76: 110 | I76: 79 | J76: =Database[[#This Row],[RATE , M3/D]]*(1-I76/100) -> 23.1 | K76: 120 | L76: 73.7 | M76: =Database[[#This Row],[ACT , M3/D2]]*(1-L76/100) -> 31.56 | N76: 74 | O76: 0.03 | P76: 400 | Q76: 20 | S76: 83 | T76: 28.5 | U76: WD-850 | V76: 300 | Z76: 43023 | AB76: REDA | AH76: =VLOOKUP(E76,' Data Lists'!$Z$3:$AA$31,2,) -> OUT OF SERVICE
A77: BM-19 | B77: Waiting Work Over | C77: Not Reported | D77: PROD. | E77: SCP-1 | F77: =VLOOKUP(E77,' Data Lists'!$T$3:$U$31,2,) -> D10 | G77: SCP-1 | J77: =Database[[#This Row],[RATE , M3/D]]*(1-I77/100) -> 0 | K77: 0 | L77: 40.9 | M77: =Database[[#This Row],[ACT , M3/D2]]*(1-L77/100) -> 0 | N77: 0 | O77: 0 | P77: 400 | Q77: 17 | S77: 60 | T77: 20 | U77: D460N | V77: 288 | Z77: 43588 | AB77: REDA | AH77: =VLOOKUP(E77,' Data Lists'!$Z$3:$AA$31,2,) -> OUT OF SERVICE
A78: BM-21 | B78: Producer | C78: Reported | D78: PROD. | E78: SCP-1 | F78: =VLOOKUP(E78,' Data Lists'!$T$3:$U$31,2,) -> D10 | G78: SCP-1 | H78: 0 | I78: 68.6 | J78: =Database[[#This Row],[RATE , M3/D]]*(1-I78/100) -> 0 | K78: 0 | L78: 2.4 | M78: =Database[[#This Row],[ACT , M3/D2]]*(1-L78/100) -> 0 | N78: 0 | O78: 0 | P78: 400 | Q78: 15 | S78: 75 | T78: 27 | U78: P-4 | V78: 357 | Z78: 43269 | AB78: REDA | AH78: =VLOOKUP(E78,' Data Lists'!$Z$3:$AA$31,2,) -> OUT OF SERVICE
A79: BM-22 | B79: Waiting Work Over | C79: Reported | D79: PROD. | E79: SCP-1 | F79: =VLOOKUP(E79,' Data Lists'!$T$3:$U$31,2,) -> D10 | G79: SCP-1 | H79: 50 | I79: 61.9 | J79: =Database[[#This Row],[RATE , M3/D]]*(1-I79/100) -> 19.05 | K79: 50 | L79: 78.4 | M79: =Database[[#This Row],[ACT , M3/D2]]*(1-L79/100) -> 10.8 | N79: 108 | O79: 0.09 | P79: 400 | Q79: 21 | S79: 76 | T79: 25.6 | U79: B338-400 | V79: 584 | Z79: 43729 | AB79: REDA | AH79: =VLOOKUP(E79,' Data Lists'!$Z$3:$AA$31,2,) -> OUT OF SERVICE
A80: BM-23 RE. | B80: Producer | C80: Reported | D80: PROD. | E80: BM 23/25 | F80: =VLOOKUP(E80,' Data Lists'!$T$3:$U$31,2,) -> PP2 | G80: PP2 | H80: 400 | I80: 100 | J80: =Database[[#This Row],[RATE , M3/D]]*(1-I80/100) -> 0 | K80: 400 | L80: 97.5 | M80: =Database[[#This Row],[ACT , M3/D2]]*(1-L80/100) -> 10 | N80: 49 | O80: 0.05 | P80: 400 | Q80: 92 | S80: 2*150 | T80: 111 | U80: WG-3200 | V80: 400 | Z80: 43993 | AB80: SUB MARINE | AH80: =VLOOKUP(E80,' Data Lists'!$Z$3:$AA$31,2,) -> OUT OF SERVICE
A81: BM-24 | B81: Producer | C81: Not Reported | D81: PROD. | E81: SCP-1 | F81: D10 | G81: SCP-1 | J81: =Database[[#This Row],[RATE , M3/D]]*(1-I81/100) -> 0 | M81: =Database[[#This Row],[ACT , M3/D2]]*(1-L81/100) -> 0 | AH81: =VLOOKUP(E81,' Data Lists'!$Z$3:$AA$31,2,) -> OUT OF SERVICE
A82: BM-26 | B82: Producer | C82: Reported | D82: PROD. | E82: SCP-1 | F82: =VLOOKUP(E82,' Data Lists'!$T$3:$U$31,2,) -> D10 | G82: MWP-4 | H82: 60 | I82: 45 | J82: =Database[[#This Row],[RATE , M3/D]]*(1-I82/100) -> 33 | K82: 60 | L82: 67.9 | M82: =Database[[#This Row],[ACT , M3/D2]]*(1-L82/100) -> 19.26 | N82: 34 | O82: 0.03 | P82: 110 | Q82: 19 | S82: 66.7 | T82: 23.6 | U82: WF400-500 | V82: 391 | Z82: 42616 | AB82: REDA | AH82: =VLOOKUP(E82,' Data Lists'!$Z$3:$AA$31,2,) -> OUT OF SERVICE
A83: BM-27 | B83: Producer | C83: Reported | D83: PROD. | E83: BM 15/27 | F83: =VLOOKUP(E83,' Data Lists'!$T$3:$U$31,2,) -> PP2 | G83: PP2 | H83: 0 | I83: 1.2 | J83: =Database[[#This Row],[RATE , M3/D]]*(1-I83/100) -> 0 | K83: 0 | L83: 37.6 | M83: =Database[[#This Row],[ACT , M3/D2]]*(1-L83/100) -> 0 | N83: 0 | O83: 0 | P83: 400 | Q83: 19 | S83: 66.7 | T83: 22 | U83: B400-500 | V83: 391 | Z83: 42888 | AB83: REDA | AH83: =VLOOKUP(E83,' Data Lists'!$Z$3:$AA$31,2,) -> OUT OF SERVICE
A84: BM-28 | B84: Producer | C84: Not Reported | D84: PROD. | E84: SCP-1 | F84: =VLOOKUP(E84,' Data Lists'!$T$3:$U$31,2,) -> D10 | G84: SCP-1 | J84: =Database[[#This Row],[RATE , M3/D]]*(1-I84/100) -> 0 | K84: 20 | L84: 79.1 | M84: =Database[[#This Row],[ACT , M3/D2]]*(1-L84/100) -> 4.18 | AH84: =VLOOKUP(E84,' Data Lists'!$Z$3:$AA$31,2,) -> OUT OF SERVICE
A85: BM-29 | B85: Producer | C85: Reported | D85: PROD. | E85: SCP-1 | F85: =VLOOKUP(E85,' Data Lists'!$T$3:$U$31,2,) -> D10 | G85: SCP-1 | H85: 0 | I85: 0 | J85: =Database[[#This Row],[RATE , M3/D]]*(1-I85/100) -> 0 | K85: 0 | L85: 94.3 | M85: =Database[[#This Row],[ACT , M3/D2]]*(1-L85/100) -> 0 | N85: 0 | O85: 0 | P85: 0 | Q85: 0 | S85: 71 | T85: 27 | U85: FLEX 3.2 | V85: 564 | Z85: 43553 | AB85: REDA | AH85: =VLOOKUP(E85,' Data Lists'!$Z$3:$AA$31,2,) -> OUT OF SERVICE
A86: BM-34 | B86: Waiting Work Over | C86: Reported | D86: PROD. | E86: MWP-1 | F86: =VLOOKUP(E86,' Data Lists'!$T$3:$U$31,2,) -> PP2 | G86: PP2 | H86: 30 | I86: 64.8 | J86: =Database[[#This Row],[RATE , M3/D]]*(1-I86/100) -> 10.56 | K86: 30 | L86: 64.8 | M86: =Database[[#This Row],[ACT , M3/D2]]*(1-L86/100) -> 10.56 | N86: 148 | O86: 0.05 | P86: 400 | Q86: 14 | S86: 60 | T86: 24 | U86: D460N | V86: 216 | Z86: 43992 | AB86: REDA | AH86: =VLOOKUP(E86,' Data Lists'!$Z$3:$AA$31,2,) -> IN SERVICE
A87: BM-36 | B87: Producer | C87: Not Reported | D87: PROD. | E87: MWP-3 | F87: =VLOOKUP(E87,' Data Lists'!$T$3:$U$31,2,) -> D10 | G87: MWP-3 | J87: =Database[[#This Row],[RATE , M3/D]]*(1-I87/100) -> 0 | K87: 0 | L87: 80 | M87: =Database[[#This Row],[ACT , M3/D2]]*(1-L87/100) -> 0 | N87: 0 | O87: 0 | P87: 400 | Q87: 0 | S87: 83 | T87: 31.5 | U87: AN500 | V87: 643 | Z87: 43204 | AB87: REDA | AH87: =VLOOKUP(E87,' Data Lists'!$Z$3:$AA$31,2,) -> IN SERVICE
A88: BM-37 | B88: Producer | C88: Reported | D88: PROD. | H88: 30 | I88: 16.8 | J88: =Database[[#This Row],[RATE , M3/D]]*(1-I88/100) -> 24.96 | K88: 50 | L88: 50.8 | M88: =Database[[#This Row],[ACT , M3/D2]]*(1-L88/100) -> 24.6 | AH88: =VLOOKUP(E88,' Data Lists'!$Z$3:$AA$31,2,) -> #N/A
A89: BM-39S.T | B89: Producer | C89: Reported | D89: PROD. | E89: BM-1 | F89: =VLOOKUP(E89,' Data Lists'!$T$3:$U$31,2,) -> PP2 | G89: PP2 | H89: 50 | I89: 74 | J89: =Database[[#This Row],[RATE , M3/D]]*(1-I89/100) -> 13 | K89: 50 | L89: 73.1 | M89: =Database[[#This Row],[ACT , M3/D2]]*(1-L89/100) -> 13.45 | N89: 200 | O89: 0.22 | P89: 400 | Q89: 21 | S89: 75 | T89: 25 | U89: B400-500 | V89: 261 | Z89: 43728 | AB89: REDA | AH89: =VLOOKUP(E89,' Data Lists'!$Z$3:$AA$31,2,) -> IN SERVICE
A90: BM-41 | B90: Producer | C90: Reported | D90: PROD. | E90: MWP-4 | F90: =VLOOKUP(E90,' Data Lists'!$T$3:$U$31,2,) -> D10 | G90: MWP-4 | H90: 0 | I90: 90 | J90: =Database[[#This Row],[RATE , M3/D]]*(1-I90/100) -> 0 | K90: 0 | L90: 92 | M90: =Database[[#This Row],[ACT , M3/D2]]*(1-L90/100) -> 0 | N90: 0 | O90: 0 | P90: 0 | Q90: 0 | S90: 229 | T90: 75 | U90: GC-2200 | V90: 205 | Z90: 43430 | AB90: REDA | AH90: =VLOOKUP(E90,' Data Lists'!$Z$3:$AA$31,2,) -> IN SERVICE
A91: BM-43 | B91: Waiting Work Over | C91: Reported | D91: PROD. | E91: MWP-3 | F91: =VLOOKUP(E91,' Data Lists'!$T$3:$U$31,2,) -> D10 | G91: MWP-3 | H91: 0 | I91: 0 | J91: =Database[[#This Row],[RATE , M3/D]]*(1-I91/100) -> 0 | K91: 90 | L91: 82 | M91: =Database[[#This Row],[ACT , M3/D2]]*(1-L91/100) -> 16.2 | P91: 400 | Q91: 22 | S91: 75 | T91: 27.2 | U91: D800N | V91: 260 | Z91: 43189 | AB91: REDA | AH91: =VLOOKUP(E91,' Data Lists'!$Z$3:$AA$31,2,) -> IN SERVICE
A92: BM-45 | B92: Producer | C92: Reported | D92: PROD. | E92: MWP-4 | J92: =Database[[#This Row],[RATE , M3/D]]*(1-I92/100) -> 0 | M92: =Database[[#This Row],[ACT , M3/D2]]*(1-L92/100) -> 0 | AH92: =VLOOKUP(E92,' Data Lists'!$Z$3:$AA$31,2,) -> IN SERVICE
A93: BM-46 | B93: Producer | C93: Not Reported | D93: PROD. | E93: BM-7 | F93: PP2 | G93: RLP | J93: =Database[[#This Row],[RATE , M3/D]]*(1-I93/100) -> 0 | K93: 65 | L93: 70.4 | M93: =Database[[#This Row],[ACT , M3/D2]]*(1-L93/100) -> 19.24 | AH93: =VLOOKUP(E93,' Data Lists'!$Z$3:$AA$31,2,) -> IN SERVICE
A94: BM-49 | B94: Waiting Work Over | C94: Reported | D94: PROD. | E94: MWP-3 | F94: =VLOOKUP(E94,' Data Lists'!$T$3:$U$31,2,) -> D10 | G94: MWP-3 | H94: 0 | I94: 87 | J94: =Database[[#This Row],[RATE , M3/D]]*(1-I94/100) -> 0 | K94: 0 | L94: 96 | M94: =Database[[#This Row],[ACT , M3/D2]]*(1-L94/100) -> 0 | N94: 95 | O94: 0.27 | P94: 400 | Q94: 49 | S94: 250 | T94: 87 | U94: WG-1600 | V94: 286 | Z94: 43945 | AB94: REDA | AH94: =VLOOKUP(E94,' Data Lists'!$Z$3:$AA$31,2,) -> IN SERVICE
A95: BM-51 | B95: Producer | C95: Reported | D95: PROD. | E95: MWP-3 | F95: =VLOOKUP(E95,' Data Lists'!$T$3:$U$31,2,) -> D10 | G95: D-10 | H95: 130 | I95: 82 | J95: =Database[[#This Row],[RATE , M3/D]]*(1-I95/100) -> 23.4 | K95: 130 | L95: 82 | M95: =Database[[#This Row],[ACT , M3/D2]]*(1-L95/100) -> 23.4 | N95: 149 | O95: 0.43 | P95: 400 | Q95: 44 | S95: 167 | T95: 55.5 | U95: GN-1600 | V95: 202 | Z95: 43967 | AB95: REDA | AH95: =VLOOKUP(E95,' Data Lists'!$Z$3:$AA$31,2,) -> IN SERVICE
A96: BM-52 | B96: Producer | C96: Reported | D96: PROD. | E96: BM-3 | F96: =VLOOKUP(E96,' Data Lists'!$T$3:$U$31,2,) -> D10 | G96: F-10 | H96: 40 | I96: 41.3 | J96: =Database[[#This Row],[RATE , M3/D]]*(1-I96/100) -> 23.48 | K96: 40 | L96: 41.3 | M96: =Database[[#This Row],[ACT , M3/D2]]*(1-L96/100) -> 23.48 | N96: 104 | O96: 0.11 | P96: 400 | Q96: 17 | S96: 62.5 | T96: 23.1 | U96: D460N | V96: 245 | Z96: 43802 | AB96: SUB MARINE | AD96: DOL | AH96: =VLOOKUP(E96,' Data Lists'!$Z$3:$AA$31,2,) -> IN SERVICE
A97: BM-57 | B97: Producer | C97: Reported | D97: PROD. | E97: MWP-4 | F97: =VLOOKUP(E97,' Data Lists'!$T$3:$U$31,2,) -> D10 | G97: MWP-4 | H97: 350 | I97: 95 | J97: =Database[[#This Row],[RATE , M3/D]]*(1-I97/100) -> 17.5 | K97: 335 | L97: 92.7 | M97: =Database[[#This Row],[ACT , M3/D2]]*(1-L97/100) -> 24.455 | N97: 81 | O97: 0.23 | P97: 400 | Q97: 58 | S97: 250 | T97: 77 | U97: GC-2200 | V97: 177 | Z97: 43731 | AB97: REDA | AH97: =VLOOKUP(E97,' Data Lists'!$Z$3:$AA$31,2,) -> IN SERVICE
A98: BM-59 | B98: Producer | C98: Reported | D98: PROD. | E98: BM-1 | F98: =VLOOKUP(E98,' Data Lists'!$T$3:$U$31,2,) -> PP2 | G98: PP2 | H98: 0 | I98: 100 | J98: =Database[[#This Row],[RATE , M3/D]]*(1-I98/100) -> 0 | K98: 0 | L98: 100 | M98: =Database[[#This Row],[ACT , M3/D2]]*(1-L98/100) -> 0 | N98: 0 | O98: 0 | P98: 0 | Q98: 30 | S98: 104 | T98: 39 | U98: FLEX-10 | V98: 357 | Z98: 43044 | AB98: REDA | AH98: =VLOOKUP(E98,' Data Lists'!$Z$3:$AA$31,2,) -> IN SERVICE
A99: BM-69 | B99: Waiting Work Over | C99: Not Reported | D99: PROD. | E99: MWP-3 | F99: =VLOOKUP(E99,' Data Lists'!$T$3:$U$31,2,) -> D10 | G99: MWP-3 | H99: 0 | I99: 0 | J99: =Database[[#This Row],[RATE , M3/D]]*(1-I99/100) -> 0 | K99: 0 | L99: 93.8 | M99: =Database[[#This Row],[ACT , M3/D2]]*(1-L99/100) -> 0 | N99: 0 | O99: 0 | P99: 400 | Q99: 23 | S99: 83 | T99: 27 | U99: flex-10 | V99: 260 | Z99: 43189 | AB99: REDA | AH99: =VLOOKUP(E99,' Data Lists'!$Z$3:$AA$31,2,) -> IN SERVICE
A100: BM-70 | B100: Waiting Work Over | C100: Not Reported | D100: PROD. | J100: =Database[[#This Row],[RATE , M3/D]]*(1-I100/100) -> 0 | M100: =Database[[#This Row],[ACT , M3/D2]]*(1-L100/100) -> 0 | AH100: =VLOOKUP(E100,' Data Lists'!$Z$3:$AA$31,2,) -> #N/A
A101: BM-71 | B101: Producer | C101: Reported | D101: PROD. | E101: MWP-4 | F101: =VLOOKUP(E101,' Data Lists'!$T$3:$U$31,2,) -> D10 | G101: SCP-1 | H101: 70 | I101: 85.7 | J101: =Database[[#This Row],[RATE , M3/D]]*(1-I101/100) -> 10.01 | K101: 70 | L101: 85.7 | M101: =Database[[#This Row],[ACT , M3/D2]]*(1-L101/100) -> 10.01 | N101: 43 | O101: 0.05 | P101: 180 | Q101: 20 | S101: 83.3 | T101: 29.5 | U101: B400-1050 | V101: 303 | Z101: 43771 | AB101: REDA | AH101: =VLOOKUP(E101,' Data Lists'!$Z$3:$AA$31,2,) -> IN SERVICE
A102: BM-72 | B102: Waiting Work Over | C102: Reported | D102: PROD. | E102: BMNW-1 | F102: =VLOOKUP(E102,' Data Lists'!$T$3:$U$31,2,) -> D10 | G102: MWP-3 | H102: 40 | I102: 37 | J102: =Database[[#This Row],[RATE , M3/D]]*(1-I102/100) -> 25.2 | K102: 40 | L102: 33 | M102: =Database[[#This Row],[ACT , M3/D2]]*(1-L102/100) -> 26.8 | N102: 0 | O102: 0 | P102: 0 | Q102: 16 | S102: 64 | T102: 24 | U102: FLEX 3.2 | V102: 547 | Z102: 43559 | AB102: REDA | AH102: =VLOOKUP(E102,' Data Lists'!$Z$3:$AA$31,2,) -> IN SERVICE
A103: BM-73 | B103: Producer | C103: Reported | D103: PROD. | E103: MWP-4 | F103: =VLOOKUP(E103,' Data Lists'!$T$3:$U$31,2,) -> D10 | G103: SCP-1 | H103: 0 | I103: 67.7 | J103: =Database[[#This Row],[RATE , M3/D]]*(1-I103/100) -> 0 | K103: 0 | L103: 89.3 | M103: =Database[[#This Row],[ACT , M3/D2]]*(1-L103/100) -> 0 | N103: 28 | O103: 0.03 | P103: 0 | Q103: 0 | S103: 75 | T103: 27.2 | U103: DN-800 | V103: 276 | Z103: 42123 | AB103: REDA | AH103: =VLOOKUP(E103,' Data Lists'!$Z$3:$AA$31,2,) -> IN SERVICE
A104: BM-75 | B104: Producer | C104: Reported | D104: PROD. | E104: MWP-3 | F104: =VLOOKUP(E104,' Data Lists'!$T$3:$U$31,2,) -> D10 | G104: MWP-3 | H104: 80 | I104: 1.2 | J104: =Database[[#This Row],[RATE , M3/D]]*(1-I104/100) -> 79.04 | K104: 40 | L104: 8.1 | M104: =Database[[#This Row],[ACT , M3/D2]]*(1-L104/100) -> 36.76 | N104: 77 | O104: 0.3 | P104: 500 | Q104: 14 | S104: 75 | T104: 27.2 | U104: DN-800 | V104: 260 | Z104: 42547 | AB104: REDA | AH104: =VLOOKUP(E104,' Data Lists'!$Z$3:$AA$31,2,) -> IN SERVICE
A105: BM-76 | B105: Producer | C105: Reported | D105: PROD. | J105: =Database[[#This Row],[RATE , M3/D]]*(1-I105/100) -> 0 | M105: =Database[[#This Row],[ACT , M3/D2]]*(1-L105/100) -> 0 | AH105: =VLOOKUP(E105,' Data Lists'!$Z$3:$AA$31,2,) -> #N/A
A106: BM-78 | B106: Producer | C106: Reported | D106: PROD. | E106: MWP-4 | F106: =VLOOKUP(E106,' Data Lists'!$T$3:$U$31,2,) -> D10 | G106: MWP-4 | H106: 100 | I106: 88 | J106: =Database[[#This Row],[RATE , M3/D]]*(1-I106/100) -> 12 | K106: 100 | L106: 75.4 | M106: =Database[[#This Row],[ACT , M3/D2]]*(1-L106/100) -> 24.6 | N106: 317 | O106: 0.37 | P106: 400 | Q106: 29 | S106: 125 | T106: 40 | U106: PMX H6 | V106: 253 | Z106: 43095 | AB106: REDA | AH106: =VLOOKUP(E106,' Data Lists'!$Z$3:$AA$31,2,) -> IN SERVICE
...

Sheet FIRST PAGE
A1: OFFSHORE OIL SITATION 27/10/2020
A2: plt | B2: ACT , M3/D2 | C2: ACT.W.C % | D2: ACT NET | E2: GAS MMS CF/D | F2: plt | G2: ACT , M3/D2 | H2: ACT.W.C % | I2: ACT NET | J2: GAS MMS CF/D | K2: PLATF.
A3: M-3 | B3: ='PLT. WELL BLANCE'!E16 -> 290 | D3: ='PLT. WELL BLANCE'!G16 -> 129.59 | E3: ='PLT. WELL BLANCE'!$K$16 -> 0 | F3: BM-1 | G3: ='PLT. WELL BLANCE'!E77 -> 310 | H3: =(1-I3/G3)*100 -> 12.125806 | I3: ='PLT. WELL BLANCE'!G77 -> 272.41 | J3: ='PLT. WELL BLANCE'!$K$77 -> 0.22 | K3: PP2
A4: M-4 | B4: ='PLT. WELL BLANCE'!E23 -> 410 | C4: =(1-D4/B4)*100 -> 73.358537 | D4: ='PLT. WELL BLANCE'!G23 -> 109.23 | E4: ='PLT. WELL BLANCE'!$K$23 -> 0.62 | F4: BM-6 | G4: ='PLT. WELL BLANCE'!E87 -> 150 | H4: =(1-I4/G4)*100 -> 52.413333 | I4: ='PLT. WELL BLANCE'!G87 -> 71.38 | J4: ='PLT. WELL BLANCE'!$K$87 -> 0.97
A5: M-6 | B5: ='PLT. WELL BLANCE'!E28 -> 130 | C5: =(1-D5/B5)*100 -> 70.569231 | D5: ='PLT. WELL BLANCE'!G28 -> 38.26 | E5: ='PLT. WELL BLANCE'!$K$28 -> 0.62 | F5: BM-7 | G5: ='PLT. WELL BLANCE'!E97 -> 655 | H5: =(1-I5/G5)*100 -> 63.729771 | I5: ='PLT. WELL BLANCE'!G97 -> 237.57 | J5: ='PLT. WELL BLANCE'!$K$97 -> 1.43
A6: M-7 | B6: ='PLT. WELL BLANCE'!E35 -> 420 | C6: =(1-D6/B6)*100 -> 54.930952 | D6: ='PLT. WELL BLANCE'!G35 -> 189.29 | E6: ='PLT. WELL BLANCE'!$K$35 -> 1.424 | F6: BM 15/27 | G6: ='PLT. WELL BLANCE'!E101 -> 50 | H6: =(1-I6/G6)*100 -> 33.1 | I6: ='PLT. WELL BLANCE'!G101 -> 33.45 | J6: ='PLT. WELL BLANCE'!$K$101 -> 0.04
A7: M-8 | B7: ='PLT. WELL BLANCE'!E44 -> 550 | C7: =(1-D7/B7)*100 -> 58.447273 | D7: ='PLT. WELL BLANCE'!G44 -> 228.54 | E7: ='PLT. WELL BLANCE'!$K$44 -> 1.33 | F7: BM 23/25 | G7: ='PLT. WELL BLANCE'!E109 -> 400 | H7: =(1-I7/G7)*100 -> 97.5 | I7: ='PLT. WELL BLANCE'!G109 -> 10 | J7: ='PLT. WELL BLANCE'!$K$109 -> 0.05
A8: M-10 | B8: ='PLT. WELL BLANCE'!E46 -> 210 | C8: =(1-D8/B8)*100 -> 79.6 | D8: ='PLT. WELL BLANCE'!G46 -> 42.84 | E8: ='PLT. WELL BLANCE'!$K$46 -> 0.14 | F8: BMNE-1 | G8: ='PLT. WELL BLANCE'!E111 -> 80 | I8: ='PLT. WELL BLANCE'!G111 -> 14.32 | J8: ='PLT. WELL BLANCE'!$K$112 -> 0
A9: M-35 | B9: ='PLT. WELL BLANCE'!E67 -> 200 | D9: ='PLT. WELL BLANCE'!G67 -> 5.6 | E9: ='PLT. WELL BLANCE'!$K$67 -> 0 | F9: MWP-1 | G9: ='PLT. WELL BLANCE'!E118 -> 260 | H9: =(1-I9/G9)*100 -> 52.307692 | I9: ='PLT. WELL BLANCE'!G118 -> 124 | J9: ='PLT. WELL BLANCE'!$K$118 -> 0.56
A10: CL-12 | B10: ='PLT. WELL BLANCE'!E69 -> 35 | C10: =(1-D10/B10)*100 -> 67.8 | D10: ='PLT. WELL BLANCE'!G69 -> 11.27 | E10: ='PLT. WELL BLANCE'!$K$69 -> 0
B11: =SUM(B3:B10) -> 2245 | D11: =SUM(D3:D10) -> 754.62 | E11: =SUM(E3:E10) -> 4.134 | G11: =SUM(G3:G10) -> 1905 | I11: =SUM(I3:I10) -> 763.13 | J11: =SUM(J3:J10) -> 3.27
A12: M-1 | B12: ='PLT. WELL BLANCE'!E7 -> 455 | C12: =(1-D12/B12)*100 -> 46.832967 | D12: ='PLT. WELL BLANCE'!G7 -> 241.91 | E12: ='PLT. WELL BLANCE'!$K$7 -> 0.13 | F12: M-26 | G12: ='PLT. WELL BLANCE'!E64 -> 315 | H12: =(1-I12/G12)*100 -> 36.673016 | I12: ='PLT. WELL BLANCE'!G64 -> 199.48 | J12: ='PLT. WELL BLANCE'!$K$64 -> 0.37 | K12: PP3
A13: M-2 | B13: ='PLT. WELL BLANCE'!E12 -> 810 | C13: =(1-D13/B13)*100 -> 85.980864 | D13: ='PLT. WELL BLANCE'!G12 -> 113.555 | E13: ='PLT. WELL BLANCE'!$K$12 -> 0.6 | F13: MWP-2 | G13: ='PLT. WELL BLANCE'!E125 -> 940 | H13: =(1-I13/G13)*100 -> 78.844681 | I13: ='PLT. WELL BLANCE'!G125 -> 198.86 | J13: ='PLT. WELL BLANCE'!$K$125 -> 0.95
A14: CL 18/20 | B14: ='PLT. WELL BLANCE'!E60 -> 1480 | C14: =(1-D14/B14)*100 -> 66.608784 | D14: ='PLT. WELL BLANCE'!G60 -> 494.19 | E14: ='PLT. WELL BLANCE'!$K$60 -> 1.642 | F14: SCP-2 | G14: ='total pltf'!E24 -> 155 | H14: ='total pltf'!F24 -> 69.932258 | I14: ='total pltf'!G24 -> 46.605 | J14: ='total pltf'!$I$24 -> 0.41
B15: =SUM(B12:B14) -> 2745 | D15: =SUM(D12:D14) -> 849.655 | E15: =SUM(E12:E14) -> 2.372 | G15: =SUM(G12:G14) -> 1410 | I15: =SUM(I12:I14) -> 444.945 | J15: =SUM(J12:J14) -> 1.73
A16: BM-3 | B16: ='PLT. WELL BLANCE'!E82 -> 300 | C16: =(1-D16/B16)*100 -> 48.94 | D16: ='PLT. WELL BLANCE'!G82 -> 153.18 | E16: ='PLT. WELL BLANCE'!$K$82 -> 1.05 | F16: MWP-4 | G16: ='PLT. WELL BLANCE'!E144 -> 505 | H16: =(1-I16/G16)*100 -> 88.30396 | I16: ='PLT. WELL BLANCE'!G144 -> 59.065 | J16: ='PLT. WELL BLANCE'!$K$144 -> 0.68 | K16: D-10
A17: BMNW-1 | B17: ='PLT. WELL BLANCE'!E107 -> 120 | C17: =(1-D17/B17)*100 -> 71 | D17: ='PLT. WELL BLANCE'!G107 -> 34.8 | E17: ='PLT. WELL BLANCE'!$K$107 -> 0 | F17: MWP-5 | G17: ='PLT. WELL BLANCE'!E159 -> 1265 | H17: =(1-I17/G17)*100 -> 55.44664 | I17: ='PLT. WELL BLANCE'!G159 -> 563.6 | J17: ='PLT. WELL BLANCE'!$K$159 -> 2.82
A18: MWP-3 | B18: ='PLT. WELL BLANCE'!E137 -> 480 | C18: =(1-D18/B18)*100 -> 51.241667 | D18: ='PLT. WELL BLANCE'!G137 -> 234.04 | E18: ='PLT. WELL BLANCE'!$K$137 -> 2.35 | F18: SCP-1 | G18: ='PLT. WELL BLANCE'!E169 -> #REF! | H18: =(1-I18/G18)*100 -> #REF! | I18: ='PLT. WELL BLANCE'!G169 -> #REF! | J18: ='PLT. WELL BLANCE'!$K$169 -> #REF!
B19: =SUM(B16:B18) -> 900 | D19: =SUM(D16:D18) -> 422.02 | E19: =SUM(E16:E18) -> 3.4 | G19: =SUM(G16:G18) -> #REF! | I19: =SUM(I16:I18) -> #REF! | J19: =SUM(J16:J18) -> #REF!
A20: R/G | B20: ='PLT. WELL BLANCE'!E181 -> 1700 | C20: =(1-D20/B20)*100 -> 88.167059 | D20: ='PLT. WELL BLANCE'!G181 -> 201.16 | E20: ='PLT. WELL BLANCE'!$K$181 -> 1.27 | K20: =VLOOKUP(A20,' Data Lists'!$T$3:$U$31,2,) -> R/G
A22: plt | B22: ACT GROSS | D22: ACT.W.C | E22: % | F22: ACT NET | H22: GAS MMS CF/D
A23: PP2 | B23: =B11+G11 -> 4150 | C23: M3 | D23: =(1-F23/B23)*100 -> 63.427711 | E23: % | F23: =D11+I11 -> 1517.75 | G23: M3 | H23: =E11+J11 -> 7.404
B24: =B23*6.289 -> 26099.35 | C24: BBL | F24: =F23*6.289 -> 9545.1298 | G24: BBL
A25: PP3 | B25: =B15+G15 -> 4155 | C25: M3 | D25: =(1-F25/B25)*100 -> 68.842359 | E25: % | F25: =D15+I15 -> 1294.6 | G25: M3 | H25: =E15+J15 -> 4.102
B26: =B25*6.289 -> 26130.795 | C26: BBL | F26: =F25*6.289 -> 8141.7394 | G26: BBL
A27: D-10 | B27: =B19+G19 -> #REF! | C27: M3 | D27: =(1-F27/B27)*100 -> #REF! | E27: % | F27: =D19+I19 -> #REF! | G27: M3 | H27: =E19+J19 -> #REF!
B28: =B27*6.289 -> #REF! | C28: BBL | F28: =F27*6.289 -> #REF! | G28: BBL
A30: MARINE + R/G : REP. GROSS | C30: ='WELLS BLANCE'!$C$164 -> #REF! | E30: M3/D | F30: =C30*6.289 -> #REF! | H30: BBLS/D
A31: TOTAL MARINE REP NET | C31: ='WELLS BLANCE'!$C$165 -> #REF! | E31: M3/D | F31: =C31*6.283 -> #REF! | H31: BBLS/D
A32: TOTAL MARINE ACT GROSS | C32: ='WELLS BLANCE'!$C$166 -> #REF! | E32: M3/D | F32: =C32*6.289 -> #REF! | H32: BBLS/D
A33: TOTAL MARINE ACT NET | C33: ='WELLS BLANCE'!$C$167 -> #REF! | E33: M3/D | F33: =C33*6.289 -> #REF! | H33: BBLS/D
A34: RAS GARA ACT NET | C34: ='WELLS BLANCE'!$C$168 -> 201.16 | E34: M3/D | F34: =C34*6.289 -> 1265.0952 | H34: BBLS/D
A35: BELAYIM ACT NET | C35: ='WELLS BLANCE'!$C$169 -> #REF! | E35: M3/D | F35: =C35*6.289 -> #REF! | H35: BBLS/D
A36: MARINE GAS | C36: ='PLT. WELL BLANCE'!K185 -> #REF! | F36: MMS CF/D
A37: TOTAL PRODUCED WATER | C37: =C32-C33 -> #REF! | E37: M3/D | F37: =C37*6.289 -> #REF! | H37: BBLS/D
A38: DIFF MARINE ACT. , REP. NET | C38: =C31-C33 -> #REF! | E38: M3/D | F38: =C38*6.289 -> #REF! | H38: BBLS/D
A40: REPORTED WELLS | F40: NOT REPORTED WELLS
A41: NO. OF WELLS | D41: ='DATA BASE'!F157 -> 128 | F41: NO. OF WELLS | J41: ='DATA BASE'!$L$157 -> 18
A42: NO. OF PRODUCED | D42: ='DATA BASE'!$F$158 -> 98 | F42: PRODUCED | J42: ='DATA BASE'!$L$158 -> 12
A43: NO. OF WAITING W.O | D43: ='DATA BASE'!$F$159 -> 29 | F43: NO. OF WAITING W.O | J43: ='DATA BASE'!$L$159 -> 6
A44: Rig on | D44: ='DATA BASE'!$F$160 -> 1 | F44: Rig on | J44: ='DATA BASE'!$L$160 -> 0
A45: Under investigation | D45: ='DATA BASE'!$F$161 -> 0 | F45: Under investigation | J45: ='DATA BASE'!$L$161 -> 0
A46: well | B46: status | C46: well | D46: status | E46: well | F46: status | G46: well | H46: status | I46: well | J46: status
A47: 113M-01 RE. | B47: ='DATA BASE'!D8 -> PROD. | C47: 113M-77 H | D47: ='DATA BASE'!D38 -> PROD. | E47: 113M-118 | F47: ='DATA BASE'!D64 -> PROD. | G47: BM-51 | H47: ='DATA BASE'!D95 -> PROD. | I47: BM-106 | J47: ='DATA BASE'!$D$126 -> PROD.
A48: 113M-02 | B48: ='DATA BASE'!D9 -> PROD. | C48: 113M-78 | D48: ='DATA BASE'!D39 -> PROD. | E48: 113M-119 | F48: ='DATA BASE'!D65 -> PROD. | G48: BM-52 | H48: ='DATA BASE'!D96 -> PROD. | I48: BM-112 | J48: ='DATA BASE'!D127 -> PROD.
A49: 113M-03 | B49: ='DATA BASE'!$B$10 -> Producer | C49: 113M-79 | D49: ='DATA BASE'!D40 -> PROD. | E49: 113M-120 | F49: ='DATA BASE'!D66 -> PROD. | G49: BM-57 | H49: ='DATA BASE'!D97 -> PROD. | I49: BM-114 | J49: ='DATA BASE'!$D$128 -> PROD.
A50: 113M-04 | B50: ='DATA BASE'!D11 -> PROD. | C50: 113M-80 | D50: ='DATA BASE'!D41 -> PROD. | E50: 113M-121 | F50: ='DATA BASE'!D67 -> PROD. | G50: BM-59 | H50: ='DATA BASE'!D98 -> PROD. | I50: BM-115 | J50: ='DATA BASE'!$D$129 -> PROD.
A51: 113M-08 BIS | B51: ='DATA BASE'!D12 -> PROD. | C51: 113M-81 | D51: ='DATA BASE'!D42 -> PROD. | E51: 113M-122 | F51: ='DATA BASE'!D68 -> PROD. | G51: BM-69 | H51: ='DATA BASE'!D99 -> PROD. | I51: BM-116 | J51: ='DATA BASE'!#REF! -> #REF!
A52: 113M-18 | B52: ='DATA BASE'!D13 -> PROD. | C52: 113M-82 | D52: ='DATA BASE'!D43 -> PROD. | E52: 113M-123 | F52: ='DATA BASE'!D69 -> PROD. | G52: BM-71 | H52: ='DATA BASE'!D101 -> PROD. | I52: BM-118 | J52: ='DATA BASE'!$D$130 -> PROD.
A53: 113M-26 | B53: ='DATA BASE'!D14 -> PROD. | C53: 113M-83 | D53: ='DATA BASE'!D44 -> PROD. | E53: 113M-124 | F53: ='DATA BASE'!D70 -> PROD. | G53: BM-72 | H53: ='DATA BASE'!D102 -> PROD. | I53: BM-119 | J53: ='DATA BASE'!$D$131 -> PROD.
A54: 113M-29 | B54: ='DATA BASE'!D15 -> PROD. | C54: 113M-84 | D54: ='DATA BASE'!D45 -> PROD. | E54: 113M-125 | F54: ='DATA BASE'!D71 -> PROD. | G54: BM-73 | H54: ='DATA BASE'!D103 -> PROD. | I54: BM-120 | J54: ='DATA BASE'!$D$132 -> PROD.
A55: 113M-30 | B55: ='DATA BASE'!D16 -> PROD. | C55: 113M-86 | D55: ='DATA BASE'!D47 -> PROD. | G55: BM-75 | H55: ='DATA BASE'!D104 -> PROD. | I55: BM-121 | J55: ='DATA BASE'!$D$133 -> PROD.
A56: 113M-35 | B56: ='DATA BASE'!D17 -> PROD. | C56: 113M-87 | D56: ='DATA BASE'!D48 -> PROD. | G56: BM-77 | H56: ='DATA BASE'!#REF! -> #REF! | I56: BM-122 | J56: ='DATA BASE'!$D$134 -> PROD.
A57: 113M-40 | B57: ='DATA BASE'!D18 -> PROD. | C57: 113M-91 | D57: ='DATA BASE'!D49 -> PROD. | G57: BM-78 | H57: ='DATA BASE'!D106 -> PROD. | I57: BM-124 | J57: ='DATA BASE'!$D$136 -> PROD.
A58: 113M-42 | B58: ='DATA BASE'!D19 -> PROD. | C58: 113M-94 | D58: ='DATA BASE'!D50 -> PROD. | G58: BM-80 | H58: ='DATA BASE'!D107 -> PROD. | I58: BM-125 | J58: ='DATA BASE'!$D$137 -> PROD.
A59: 113M-45 | B59: ='DATA BASE'!D20 -> PROD. | C59: 113M-96 | D59: ='DATA BASE'!D51 -> PROD. | E59: BM-15 RE. | F59: ='DATA BASE'!D75 -> PROD. | G59: BM-81 | H59: ='DATA BASE'!D108 -> PROD. | I59: BMNW-04 | J59: ='DATA BASE'!$D$142 -> PROD.
A60: 113M-46 | B60: ='DATA BASE'!D21 -> PROD. | C60: 113M-97 | D60: ='DATA BASE'!D52 -> PROD. | E60: BM-17 | F60: ='DATA BASE'!D76 -> PROD. | G60: BM-82 | H60: ='DATA BASE'!D109 -> PROD. | I60: BMNW-05 | J60: ='DATA BASE'!$D$143 -> PROD.
A61: 113M-48 | B61: ='DATA BASE'!D22 -> PROD. | C61: 113M-99 | D61: ='DATA BASE'!D53 -> PROD. | E61: BM-19 | F61: ='DATA BASE'!D77 -> PROD. | G61: BM-85 | H61: ='DATA BASE'!D110 -> PROD. | I61: BMSW-1 R | J61: ='DATA BASE'!$D$144 -> PROD.
A62: 113M-49 | B62: ='DATA BASE'!D23 -> PROD. | C62: 113M-100 | D62: ='DATA BASE'!D54 -> PROD. | E62: BM-21 | F62: ='DATA BASE'!D78 -> PROD. | G62: BM-86 | H62: ='DATA BASE'!D111 -> PROD. | I62: BMSW-2 | J62: ='DATA BASE'!$D$145 -> PROD.
A63: 113M-50 | B63: ='DATA BASE'!D24 -> PROD. | C63: 113M-101 | D63: ='DATA BASE'!D55 -> PROD. | E63: BM-22 | F63: ='DATA BASE'!D79 -> PROD. | G63: BM-88 | H63: ='DATA BASE'!D112 -> PROD. | I63: BMNE-2 | J63: ='DATA BASE'!$D$147 -> PROD.
A64: 113M-55 | B64: ='DATA BASE'!D25 -> PROD. | C64: 113M-102 | D64: ='DATA BASE'!#REF! -> #REF! | E64: BM-23 RE. | F64: ='DATA BASE'!D80 -> PROD. | G64: BM-89 | H64: ='DATA BASE'!D113 -> PROD.
A65: 113M-57 | B65: ='DATA BASE'!D26 -> PROD. | C65: 113M-103 | D65: ='DATA BASE'!D56 -> PROD. | E65: BM-26 | F65: ='DATA BASE'!D82 -> PROD. | G65: BM-90 | H65: ='DATA BASE'!D114 -> PROD.
A66: 113M-58 | B66: ='DATA BASE'!D27 -> PROD. | C66: 113M-104 | D66: ='DATA BASE'!#REF! -> #REF! | E66: BM-27 | F66: ='DATA BASE'!D83 -> PROD. | G66: BM-91 | H66: ='DATA BASE'!D115 -> PROD.
A67: 113M-59 | B67: ='DATA BASE'!D28 -> PROD. | C67: 113M-107 | D67: ='DATA BASE'!D57 -> PROD. | E67: BM-29 | F67: ='DATA BASE'!#REF! -> #REF! | G67: BM-92 RE. | H67: ='DATA BASE'!D116 -> PROD.
A68: 113M-65 | B68: ='DATA BASE'!D29 -> PROD. | C68: 113M-108 | D68: ='DATA BASE'!#REF! -> #REF! | E68: BM-30 | F68: ='DATA BASE'!D85 -> PROD. | G68: BM-93 | H68: ='DATA BASE'!D117 -> PROD.
A69: 113M-66 | B69: ='DATA BASE'!D30 -> PROD. | C69: 113M-109 | D69: ='DATA BASE'!D58 -> PROD. | E69: BM-34 | F69: ='DATA BASE'!D86 -> PROD. | G69: BM-94 | H69: ='DATA BASE'!D118 -> PROD. | I69: SINAI-02 | J69: ='DATA BASE'!$D$148 -> PROD.
A70: 113M-67 | B70: ='DATA BASE'!D31 -> PROD. | C70: 113M-110 | D70: ='DATA BASE'!D59 -> PROD. | E70: BM-36 | F70: ='DATA BASE'!D87 -> PROD. | G70: BM-95H | H70: ='DATA BASE'!D119 -> PROD. | I70: SINAI-04 RE | J70: ='DATA BASE'!$D$149 -> PROD.
A71: 113M-68 ST | B71: ='DATA BASE'!D32 -> PROD. | C71: 113M-112 | D71: ='DATA BASE'!D60 -> PROD. | E71: BM-39S.T | F71: ='DATA BASE'!D89 -> PROD. | G71: BM-100 | H71: ='DATA BASE'!D120 -> PROD. | I71: SINAI-06 | J71: ='DATA BASE'!$D$150 -> PROD.
A72: 113M-70 | B72: ='DATA BASE'!D33 -> PROD. | C72: 113M-114 | D72: ='DATA BASE'!#REF! -> #REF! | E72: BM-41 | F72: ='DATA BASE'!D90 -> PROD. | G72: BM-101 | H72: ='DATA BASE'!D121 -> PROD. | I72: SINAI-07 | J72: ='DATA BASE'!$D$151 -> PROD.
A73: 113M-71 | B73: ='DATA BASE'!D34 -> PROD. | C73: 113M-115 | D73: ='DATA BASE'!D61 -> PROD. | E73: BM-43 | F73: ='DATA BASE'!D91 -> PROD. | G73: BM-102 | H73: ='DATA BASE'!D122 -> PROD. | I73: SINAI-08 | J73: ='DATA BASE'!$D$152 -> PROD.
A74: 113M-72 | B74: ='DATA BASE'!D35 -> PROD. | C74: 113M-116 | D74: ='DATA BASE'!D62 -> PROD. | E74: BM-47 | F74: ='DATA BASE'!#REF! -> #REF! | G74: BM-104 | H74: ='DATA BASE'!D124 -> PROD. | I74: SINAI-09 | J74: ='DATA BASE'!$D$153 -> PROD.
A75: 113M-74 | B75: ='DATA BASE'!D36 -> PROD. | C75: 113M-117 | D75: ='DATA BASE'!D63 -> PROD. | E75: BM-49 | F75: ='DATA BASE'!D94 -> PROD. | G75: BM-105 | H75: ='DATA BASE'!$D$125 -> PROD.
A76: 113M-76 | B76: ='DATA BASE'!D37 -> PROD.

Sheet DOWN HOLE PUMP
A1: Well NO. | B1: WHP | C1: AMP | D1: GAS MMS CF/D | E1: GOR M3/M3 | F1: MOTOR HP | G1: AMP | H1: PUMP TYPE | I1: STG. | J1: LAST W.O
A2: ='DATA BASE'!A8 -> 113M-01 RE. | B2: ='DATA BASE'!P8 -> 400 | C2: ='DATA BASE'!Q8 -> 30 | D2: ='DATA BASE'!O8 -> 0.06 | E2: ='DATA BASE'!N8 -> 60 | F2: ='DATA BASE'!S8 -> 99 | G2: ='DATA BASE'!T8 -> 36 | H2: ='DATA BASE'!U8 -> P-6 | I2: ='DATA BASE'!V8 -> 376 | J2: ='DATA BASE'!Z8 -> 43444
A3: ='DATA BASE'!A9 -> 113M-02 | B3: ='DATA BASE'!P9 -> 400 | C3: ='DATA BASE'!Q9 -> 20 | D3: ='DATA BASE'!O9 -> 0.11 | E3: ='DATA BASE'!N9 -> 87 | F3: ='DATA BASE'!S9 -> 83.5 | G3: ='DATA BASE'!T9 -> 29 | H3: ='DATA BASE'!U9 -> D800N | I3: ='DATA BASE'!V9 -> 260 | J3: ='DATA BASE'!Z9 -> 44083
A4: ='DATA BASE'!A11 -> 113M-04 | B4: ='DATA BASE'!P11 -> 400 | C4: ='DATA BASE'!Q11 -> 36 | D4: ='DATA BASE'!O11 -> 0.05 | E4: ='DATA BASE'!N11 -> 91 | F4: ='DATA BASE'!S11 -> 99 | G4: ='DATA BASE'!T11 -> 36 | H4: ='DATA BASE'!U11 -> FLEX-10 | I4: ='DATA BASE'!V11 -> 245 | J4: ='DATA BASE'!Z11 -> 43684
A5: ='DATA BASE'!A12 -> 113M-08 BIS | B5: ='DATA BASE'!P12 -> 180 | C5: ='DATA BASE'!Q12 -> 44 | D5: ='DATA BASE'!O12 -> 0.32 | E5: ='DATA BASE'!N12 -> 163 | F5: ='DATA BASE'!S12 -> 187 | G5: ='DATA BASE'!T12 -> 64 | H5: ='DATA BASE'!U12 -> GN-1600 | I5: ='DATA BASE'!V12 -> 198 | J5: ='DATA BASE'!Z12 -> 43145
A6: ='DATA BASE'!A13 -> 113M-18 | B6: ='DATA BASE'!P13 -> 400 | C6: ='DATA BASE'!Q13 -> 90 | D6: ='DATA BASE'!O13 -> 0.26 | E6: ='DATA BASE'!N13 -> 75 | F6: ='DATA BASE'!S13 -> 334 | G6: ='DATA BASE'!T13 -> 111 | H6: ='DATA BASE'!U13 -> GN-3200 | I6: ='DATA BASE'!V13 -> 270 | J6: ='DATA BASE'!Z13 -> 44101
A7: ='DATA BASE'!A14 -> 113M-26 | B7: ='DATA BASE'!P14 -> 400 | C7: ='DATA BASE'!Q14 -> 39 | D7: ='DATA BASE'!O14 -> 0.03 | E7: ='DATA BASE'!N14 -> 86 | F7: ='DATA BASE'!S14 -> 100 | G7: ='DATA BASE'!T14 -> 34 | H7: ='DATA BASE'!U14 -> FLEX-10 | I7: ='DATA BASE'!V14 -> 238 | J7: ='DATA BASE'!Z14 -> 43830
A8: ='DATA BASE'!A15 -> 113M-29 | B8: ='DATA BASE'!P15 -> 100 | C8: ='DATA BASE'!Q15 -> 50 | D8: ='DATA BASE'!O15 -> 0.29 | E8: ='DATA BASE'!N15 -> 141 | F8: ='DATA BASE'!S15 -> 0 | G8: ='DATA BASE'!T15 -> 0 | H8: ='DATA BASE'!U15 -> FLEX-10 | I8: ='DATA BASE'!V15 -> 293 | J8: ='DATA BASE'!Z15 -> 43172
A9: ='DATA BASE'!A16 -> 113M-30 | B9: ='DATA BASE'!P16 -> 0 | C9: ='DATA BASE'!Q16 -> 0 | D9: ='DATA BASE'!O16 -> 0 | E9: ='DATA BASE'!N16 -> 0 | F9: ='DATA BASE'!S16 -> 208 | G9: ='DATA BASE'!T16 -> 65 | H9: ='DATA BASE'!U16 -> GN-2100 | I9: ='DATA BASE'!V16 -> 249 | J9: ='DATA BASE'!Z16 -> 42619
A10: ='DATA BASE'!A17 -> 113M-35 | B10: ='DATA BASE'!P17 -> 150 | C10: ='DATA BASE'!Q17 -> 38 | D10: ='DATA BASE'!O17 -> 0 | E10: ='DATA BASE'!N17 -> 0 | F10: ='DATA BASE'!S17 -> 138 | G10: ='DATA BASE'!T17 -> 44 | H10: ='DATA BASE'!U17 -> GC-1200 | I10: ='DATA BASE'!V17 -> 240 | J10: ='DATA BASE'!Z17 -> 42722
A11: ='DATA BASE'!A18 -> 113M-40 | B11: ='DATA BASE'!P18 -> 0 | C11: ='DATA BASE'!Q18 -> 0 | D11: ='DATA BASE'!O18 -> 0 | E11: ='DATA BASE'!N18 -> 0 | F11: ='DATA BASE'!S18 -> 100 | G11: ='DATA BASE'!T18 -> 36 | H11: ='DATA BASE'!U18 -> P-6 | I11: ='DATA BASE'!V18 -> 310 | J11: ='DATA BASE'!Z18 -> 42740
A12: ='DATA BASE'!A19 -> 113M-42 | B12: ='DATA BASE'!P19 -> 100 | C12: ='DATA BASE'!Q19 -> 119 | D12: ='DATA BASE'!O19 -> 0 | E12: ='DATA BASE'!N19 -> 0 | F12: ='DATA BASE'!S19 -> 374 | G12: ='DATA BASE'!T19 -> 127 | H12: ='DATA BASE'!U19 -> GC-3500 | I12: ='DATA BASE'!V19 -> 234 | J12: ='DATA BASE'!Z19 -> 42629
A13: ='DATA BASE'!A20 -> 113M-45 | B13: ='DATA BASE'!P20 -> 100 | C13: ='DATA BASE'!Q20 -> 21 | D13: ='DATA BASE'!O20 -> 0.12 | E13: ='DATA BASE'!N20 -> 342 | F13: ='DATA BASE'!S20 -> 73 | G13: ='DATA BASE'!T20 -> 27 | H13: ='DATA BASE'!U20 -> P-4 | I13: ='DATA BASE'!V20 -> 320 | J13: ='DATA BASE'!Z20 -> 42026
A14: ='DATA BASE'!A21 -> 113M-46 | B14: ='DATA BASE'!P21 -> 400 | C14: ='DATA BASE'!Q21 -> 62 | D14: ='DATA BASE'!O21 -> 0.11 | E14: ='DATA BASE'!N21 -> 90 | F14: ='DATA BASE'!S21 -> 187 | G14: ='DATA BASE'!T21 -> 59 | H14: ='DATA BASE'!U21 -> GC-1700 | I14: ='DATA BASE'!V21 -> 238 | J14: ='DATA BASE'!Z21 -> 43638
A15: ='DATA BASE'!A22 -> 113M-48 | B15: ='DATA BASE'!P22 -> 400 | C15: ='DATA BASE'!Q22 -> 22 | D15: ='DATA BASE'!O22 -> 0.16 | E15: ='DATA BASE'!N22 -> 110 | F15: ='DATA BASE'!S22 -> 133 | G15: ='DATA BASE'!T22 -> 30.5 | H15: ='DATA BASE'!U22 -> D800N | I15: ='DATA BASE'!V22 -> 309 | J15: ='DATA BASE'!Z22 -> 43414
... A29: ='DATA BASE'!A36 -> 113M-74 | B29: ='DATA BASE'!P36 -> 400 | C29: ='DATA BASE'!Q36 -> 30 | D29: ='DATA BASE'!O36 -> 0.08 | E29: ='DATA BASE'!N36 -> 33 | F29: ='DATA BASE'!S36 -> 150 | G29: ='DATA BASE'!T36 -> 50 | H29: ='DATA BASE'!U36 -> WD-1300 | I29: ='DATA BASE'!V36 -> 370 | J29: ='DATA BASE'!Z36 -> 24/3/2019
A30: Well NO. | B30: WHP | C30: AMP | D30: GAS MMS CF/D | E30: GOR M3/M3 | F30: MOTOR HP | G30: AMP | H30: PUMP TYPE | I30: STG. | J30: LAST W.O
A31: ='DATA BASE'!A37 -> 113M-76 | B31: ='DATA BASE'!P37 -> 130 | C31: ='DATA BASE'!Q37 -> 31 | D31: 0.32 | E31: ='DATA BASE'!N37 -> 265 | F31: ='DATA BASE'!S37 -> 104 | G31: ='DATA BASE'!Q37 -> 31 | H31: ='DATA BASE'!U37 -> FLEX-10 | I31: ='DATA BASE'!V37 -> 285 | J31: ='DATA BASE'!Z37 -> 43326
A32: ='DATA BASE'!A38 -> 113M-77 H | B32: ='DATA BASE'!P38 -> 500 | C32: ='DATA BASE'!Q38 -> 37 | D32: 0.04 | E32: ='DATA BASE'!N38 -> 71 | F32: ='DATA BASE'!S38 -> 146 | G32: ='DATA BASE'!Q38 -> 37 | H32: ='DATA BASE'!U38 -> GN-1600 | I32: ='DATA BASE'!V38 -> 201 | J32: ='DATA BASE'!Z38 -> 42538
A33: ='DATA BASE'!A39 -> 113M-78 | B33: ='DATA BASE'!P39 -> 400 | C33: ='DATA BASE'!Q39 -> 22 | D33: 0.08 | E33: ='DATA BASE'!N39 -> 117 | F33: ='DATA BASE'!S39 -> 83.5 | G33: ='DATA BASE'!Q39 -> 22 | H33: ='DATA BASE'!U39 -> WD-650 | I33: ='DATA BASE'!V39 -> 510 | J33: ='DATA BASE'!Z39 -> 43628
A34: ='DATA BASE'!A40 -> 113M-79 | B34: ='DATA BASE'!P40 -> 400 | C34: ='DATA BASE'!Q40 -> 19 | D34: 0.019 | E34: ='DATA BASE'!N40 -> 68 | F34: ='DATA BASE'!S40 -> 83 | G34: ='DATA BASE'!Q40 -> 19 | H34: ='DATA BASE'!U40 -> WD-850 | I34: ='DATA BASE'!V40 -> 272 | J34: ='DATA BASE'!Z40 -> 43429
A35: ='DATA BASE'!A41 -> 113M-80 | B35: ='DATA BASE'!P41 -> 500 | C35: ='DATA BASE'!Q41 -> 23 | D35: 0.012 | E35: ='DATA BASE'!N41 -> 74 | F35: ='DATA BASE'!S41 -> 95 | G35: ='DATA BASE'!Q41 -> 23 | H35: ='DATA BASE'!U41 -> FLEX-10 | I35: ='DATA BASE'!V41 -> 190 | J35: ='DATA BASE'!Z41 -> 43577
A36: ='DATA BASE'!A42 -> 113M-81 | B36: ='DATA BASE'!P42 -> 400 | C36: ='DATA BASE'!Q42 -> 31 | D36: 0.14 | E36: ='DATA BASE'!N42 -> 208 | F36: ='DATA BASE'!S42 -> 125 | G36: ='DATA BASE'!Q42 -> 31 | H36: ='DATA BASE'!U42 -> B400-1050 | I36: ='DATA BASE'!V42 -> 400 | J36: ='DATA BASE'!Z42 -> 42861
A37: ='DATA BASE'!A43 -> 113M-82 | B37: ='DATA BASE'!P43 -> 500 | C37: ='DATA BASE'!Q43 -> 24 | D37: 0.15 | E37: ='DATA BASE'!N43 -> 118 | F37: ='DATA BASE'!S43 -> 104 | G37: ='DATA BASE'!Q43 -> 24 | H37: ='DATA BASE'!U43 -> P-8 | I37: ='DATA BASE'!V43 -> 259 | J37: ='DATA BASE'!Z43 -> 43311
A38: ='DATA BASE'!A44 -> 113M-83 | B38: ='DATA BASE'!P44 -> 400 | C38: ='DATA BASE'!Q44 -> 14 | D38: 0 | E38: ='DATA BASE'!N44 -> 0 | F38: ='DATA BASE'!S44 -> 66.7 | G38: ='DATA BASE'!Q44 -> 14 | H38: ='DATA BASE'!U44 -> WD-450 | I38: ='DATA BASE'!V44 -> 422 | J38: ='DATA BASE'!Z44 -> 43508
A39: ='DATA BASE'!A45 -> 113M-84 | B39: ='DATA BASE'!P45 -> 200 | C39: ='DATA BASE'!Q45 -> 90 | D39: 0.38 | E39: ='DATA BASE'!N45 -> 114 | F39: ='DATA BASE'!S45 -> 115 | G39: ='DATA BASE'!Q45 -> 90 | H39: ='DATA BASE'!U45 -> B513-6000 | I39: ='DATA BASE'!V45 -> 340 | J39: ='DATA BASE'!Z45 -> 43842
A40: ='DATA BASE'!A47 -> 113M-86 | B40: ='DATA BASE'!P47 -> 500 | C40: ='DATA BASE'!Q47 -> 17 | D40: 0.19 | E40: ='DATA BASE'!N47 -> 385 | F40: ='DATA BASE'!S47 -> 64 | G40: ='DATA BASE'!Q47 -> 17 | H40: ='DATA BASE'!U47 -> FLEX 3.2 | I40: ='DATA BASE'!V47 -> 401 | J40: ='DATA BASE'!Z47 -> 43919
A41: ='DATA BASE'!A48 -> 113M-87 | B41: ='DATA BASE'!P48 -> 400 | C41: ='DATA BASE'!Q48 -> 19 | E41: ='DATA BASE'!N48 -> 0 | F41: ='DATA BASE'!S48 -> 64 | G41: ='DATA BASE'!Q48 -> 19 | H41: ='DATA BASE'!U48 -> FLEX 3.2 | I41: ='DATA BASE'!V48 -> 406 | J41: ='DATA BASE'!Z48 -> 43747
A42: ='DATA BASE'!A49 -> 113M-91 | B42: ='DATA BASE'!P49 -> 400 | C42: ='DATA BASE'!Q49 -> 27 | D42: 0.19 | E42: ='DATA BASE'!N49 -> 212 | F42: ='DATA BASE'!S49 -> 104 | G42: ='DATA BASE'!Q49 -> 27 | H42: ='DATA BASE'!U49 -> FLEX-10 | I42: ='DATA BASE'!V49 -> 190 | J42: ='DATA BASE'!Z49 -> 43928
A43: ='DATA BASE'!A50 -> 113M-94 | B43: ='DATA BASE'!P50 -> 0 | C43: ='DATA BASE'!Q50 -> 0 | D43: 0.03 | E43: ='DATA BASE'!N50 -> 70 | F43: ='DATA BASE'!S50 -> 97 | G43: ='DATA BASE'!Q50 -> 0 | H43: ='DATA BASE'!U50 -> B400-700 | I43: ='DATA BASE'!V50 -> 359 | J43: ='DATA BASE'!Z50 -> 44027
A44: ='DATA BASE'!A51 -> 113M-96 | B44: ='DATA BASE'!P51 -> 400 | C44: ='DATA BASE'!Q51 -> 35 | E44: ='DATA BASE'!N51 -> 0 | F44: ='DATA BASE'!S51 -> 150 | G44: ='DATA BASE'!Q51 -> 35 | H44: ='DATA BASE'!U51 -> B400-1250 | I44: ='DATA BASE'!V51 -> 377 | J44: ='DATA BASE'!Z51 -> 43894
A45: ='DATA BASE'!A52 -> 113M-97 | B45: ='DATA BASE'!P52 -> 400 | C45: ='DATA BASE'!Q52 -> 24 | D45: 0.06 | E45: ='DATA BASE'!N52 -> 62 | F45: ='DATA BASE'!S52 -> 64 | G45: ='DATA BASE'!Q52 -> 24 | H45: ='DATA BASE'!U52 -> FLEX 3.2 | I45: ='DATA BASE'!V52 -> 617 | J45: ='DATA BASE'!Z52 -> 44128
A46: ='DATA BASE'!A53 -> 113M-99 | B46: ='DATA BASE'!P53 -> 500 | C46: ='DATA BASE'!Q53 -> 47 | D46: 0.14 | E46: ='DATA BASE'!N53 -> 225 | F46: ='DATA BASE'!S53 -> 187 | G46: ='DATA BASE'!Q53 -> 47 | H46: ='DATA BASE'!U53 -> GC-1700 | I46: ='DATA BASE'!V53 -> 204 | J46: ='DATA BASE'!Z53 -> 43040
A47: ='DATA BASE'!A54 -> 113M-100 | B47: ='DATA BASE'!P54 -> 400 | C47: ='DATA BASE'!Q54 -> 32 | D47: 0.14 | E47: ='DATA BASE'!N54 -> 99 | F47: ='DATA BASE'!S54 -> 116.7 | G47: ='DATA BASE'!Q54 -> 32 | H47: ='DATA BASE'!U54 -> B400-1050 | I47: ='DATA BASE'!V54 -> 364 | J47: ='DATA BASE'!Z54 -> 44060
A48: ='DATA BASE'!A55 -> 113M-101 | B48: ='DATA BASE'!P55 -> 400 | C48: ='DATA BASE'!Q55 -> 13 | D48: 0.03 | E48: ='DATA BASE'!N55 -> 32 | F48: ='DATA BASE'!S55 -> 67 | G48: ='DATA BASE'!Q55 -> 13 | H48: ='DATA BASE'!U55 -> WD-450 | I48: ='DATA BASE'!V55 -> 472 | J48: ='DATA BASE'!Z55 -> 43391
A49: ='DATA BASE'!#REF! -> #REF! | B49: ='DATA BASE'!#REF! -> #REF! | C49: ='DATA BASE'!#REF! -> #REF! | D49: 0 | E49: ='DATA BASE'!#REF! -> #REF! | F49: ='DATA BASE'!#REF! -> #REF! | G49: ='DATA BASE'!#REF! -> #REF! | H49: ='DATA BASE'!#REF! -> #REF! | I49: ='DATA BASE'!#REF! -> #REF! | J49: ='DATA BASE'!#REF! -> #REF!
A50: ='DATA BASE'!A56 -> 113M-103 | B50: ='DATA BASE'!P56 -> 400 | C50: ='DATA BASE'!Q56 -> 99 | D50: 0.08 | E50: ='DATA BASE'!N56 -> 39 | F50: ='DATA BASE'!S56 -> 348 | G50: ='DATA BASE'!Q56 -> 99 | H50: ='DATA BASE'!U56 -> B513-3100 | I50: ='DATA BASE'!V56 -> 327 | J50: ='DATA BASE'!Z56 -> 44047
A51: ='DATA BASE'!#REF! -> #REF! | B51: ='DATA BASE'!#REF! -> #REF! | C51: ='DATA BASE'!#REF! -> #REF! | D51: 0.78 | E51: ='DATA BASE'!#REF! -> #REF! | F51: ='DATA BASE'!#REF! -> #REF! | G51: ='DATA BASE'!#REF! -> #REF! | H51: ='DATA BASE'!#REF! -> #REF! | I51: ='DATA BASE'!#REF! -> #REF! | J51: ='DATA BASE'!#REF! -> #REF!
A52: ='DATA BASE'!A57 -> 113M-107 | B52: ='DATA BASE'!P57 -> 400 | C52: ='DATA BASE'!Q57 -> 18 | D52: 0.19 | E52: ='DATA BASE'!N57 -> 281 | F52: ='DATA BASE'!S57 -> 66.7 | G52: ='DATA BASE'!Q57 -> 18 | H52: ='DATA BASE'!U57 -> WD-650 | I52: ='DATA BASE'!V57 -> 388 | J52: ='DATA BASE'!Z57 -> 43663
A53: ='DATA BASE'!#REF! -> #REF! | B53: ='DATA BASE'!#REF! -> #REF! | C53: ='DATA BASE'!#REF! -> #REF! | D53: 0.3 | E53: ='DATA BASE'!#REF! -> #REF! | F53: ='DATA BASE'!#REF! -> #REF! | G53: ='DATA BASE'!#REF! -> #REF! | H53: ='DATA BASE'!#REF! -> #REF! | I53: ='DATA BASE'!#REF! -> #REF! | J53: ='DATA BASE'!#REF! -> #REF!
A54: ='DATA BASE'!A58 -> 113M-109 | B54: ='DATA BASE'!P58 -> 400 | C54: ='DATA BASE'!Q58 -> 25 | D54: 0.22 | E54: ='DATA BASE'!N58 -> 397 | F54: ='DATA BASE'!S58 -> 100 | G54: ='DATA BASE'!Q58 -> 25 | H54: ='DATA BASE'!U58 -> WD-850 | I54: ='DATA BASE'!V58 -> 354 | J54: ='DATA BASE'!Z58 -> 43745
A55: ='DATA BASE'!A59 -> 113M-110 | B55: ='DATA BASE'!P59 -> 800 | C55: ='DATA BASE'!Q59 -> 30 | D55: 0 | E55: ='DATA BASE'!N59 -> 0 | F55: ='DATA BASE'!S59 -> 83 | G55: ='DATA BASE'!Q59 -> 30 | H55: ='DATA BASE'!U59 -> P-6 | I55: ='DATA BASE'!V59 -> 326 | J55: ='DATA BASE'!Z59 -> 43244
A56: ='DATA BASE'!A60 -> 113M-112 | B56: ='DATA BASE'!P60 -> 250 | C56: ='DATA BASE'!Q60 -> 30 | D56: 0.34 | E56: ='DATA BASE'!N60 -> 119 | F56: ='DATA BASE'!S60 -> 133 | G56: ='DATA BASE'!Q60 -> 30 | H56: ='DATA BASE'!U60 -> WD1300MF | I56: ='DATA BASE'!V60 -> 393 | J56: ='DATA BASE'!Z60 -> 42823
A57: ='DATA BASE'!#REF! -> #REF! | B57: ='DATA BASE'!#REF! -> #REF! | C57: ='DATA BASE'!#REF! -> #REF! | D57: 0 | E57: ='DATA BASE'!#REF! -> #REF! | F57: ='DATA BASE'!#REF! -> #REF! | G57: ='DATA BASE'!#REF! -> #REF! | H57: ='DATA BASE'!#REF! -> #REF! | I57: ='DATA BASE'!#REF! -> #REF! | J57: ='DATA BASE'!#REF! -> #REF!
A58: ='DATA BASE'!A61 -> 113M-115 | B58: ='DATA BASE'!P61 -> 600 | C58: ='DATA BASE'!Q61 -> 24 | D58: 0.39 | E58: ='DATA BASE'!N61 -> 250 | F58: ='DATA BASE'!S61 -> 125 | G58: ='DATA BASE'!Q61 -> 24 | H58: ='DATA BASE'!U61 -> FLEX-10 | I58: ='DATA BASE'!V61 -> 238 | J58: ='DATA BASE'!Z61 -> 43983
A59: Well NO. | B59: WHP | C59: AMP | D59: GAS MMS CF/D | E59: GOR M3/M3 | F59: MOTOR HP | G59: AMP | H59: PUMP TYPE | I59: STG. | J59: LAST W.O
A60: ='DATA BASE'!A62 -> 113M-116 | B60: ='DATA BASE'!P62 -> 400 | C60: ='DATA BASE'!Q62 -> 23 | D60: ='DATA BASE'!O62 -> 0.43 | E60: ='DATA BASE'!N62 -> 114 | F60: ='DATA BASE'!S62 -> 83 | G60: ='DATA BASE'!T62 -> 30 | H60: ='DATA BASE'!U62 -> B400-1050 | I60: ='DATA BASE'!V62 -> 321 | J60: ='DATA BASE'!Z62 -> 43486
A61: ='DATA BASE'!A63 -> 113M-117 | B61: ='DATA BASE'!P63 -> 400 | C61: ='DATA BASE'!Q63 -> 18 | D61: ='DATA BASE'!O63 -> 0.81 | E61: ='DATA BASE'!N63 -> 173 | F61: ='DATA BASE'!S63 -> 67 | G61: ='DATA BASE'!T63 -> 20 | H61: ='DATA BASE'!U63 -> WD-450 | I61: ='DATA BASE'!V63 -> 438 | J61: ='DATA BASE'!Z63 -> 43590
A62: ='DATA BASE'!A64 -> 113M-118 | B62: ='DATA BASE'!P64 -> 400 | C62: ='DATA BASE'!Q64 -> 17 | D62: ='DATA BASE'!O64 -> 0.4 | E62: ='DATA BASE'!N64 -> 71 | F62: ='DATA BASE'!S64 -> 100 | G62: ='DATA BASE'!T64 -> 35 | H62: ='DATA BASE'!U64 -> B400-1050 | I62: ='DATA BASE'!V64 -> 354 | J62: ='DATA BASE'!Z64 -> 44119
A63: ='DATA BASE'!A65 -> 113M-119 | B63: ='DATA BASE'!P65 -> 600 | C63: ='DATA BASE'!Q65 -> 25 | D63: ='DATA BASE'!O65 -> 0.42 | E63: ='DATA BASE'!N65 -> 200 | F63: ='DATA BASE'!S65 -> 133 | G63: ='DATA BASE'!T65 -> 46 | H63: ='DATA BASE'!U65 -> WD-1300 | I63: ='DATA BASE'!V65 -> 400 | J63: ='DATA BASE'!Z65 -> 43333
A64: ='DATA BASE'!A66 -> 113M-120 | B64: ='DATA BASE'!P66 -> 400 | C64: ='DATA BASE'!Q66 -> 35 | D64: ='DATA BASE'!O66 -> 0 | E64: ='DATA BASE'!N66 -> 0 | F64: ='DATA BASE'!S66 -> 150 | G64: ='DATA BASE'!T66 -> 50 | H64: ='DATA BASE'!U66 -> WD-1750 | I64: ='DATA BASE'!V66 -> 449 | J64: ='DATA BASE'!Z66 -> 43955
A65: ='DATA BASE'!A67 -> 113M-121 | B65: ='DATA BASE'!P67 -> 500 | C65: ='DATA BASE'!Q67 -> 37 | D65: ='DATA BASE'!O67 -> 0.34 | E65: ='DATA BASE'!N67 -> 82 | F65: ='DATA BASE'!S67 -> 150 | G65: ='DATA BASE'!T67 -> 48 | H65: ='DATA BASE'!U67 -> FLEX-10 | I65: ='DATA BASE'!V67 -> 357 | J65: ='DATA BASE'!Z67 -> 43822
A66: ='DATA BASE'!A68 -> 113M-122 | B66: ='DATA BASE'!P68 -> 400 | C66: ='DATA BASE'!Q68 -> 25 | D66: ='DATA BASE'!O68 -> 0.41 | E66: ='DATA BASE'!N68 -> 47 | F66: ='DATA BASE'!S68 -> 83 | G66: ='DATA BASE'!T68 -> 27 | H66: ='DATA BASE'!U68 -> D1050N | I66: ='DATA BASE'!V68 -> 333 | J66: ='DATA BASE'!Z68 -> 44040
A67: ='DATA BASE'!A69 -> 113M-123 | B67: ='DATA BASE'!P69 -> 400 | C67: ='DATA BASE'!Q69 -> 40 | D67: ='DATA BASE'!O69 -> 0.35 | E67: ='DATA BASE'!N69 -> 67 | F67: ='DATA BASE'!S69 -> 167 | G67: ='DATA BASE'!T69 -> 54 | H67: ='DATA BASE'!U69 -> WG-1750 | I67: ='DATA BASE'!V69 -> 466 | J67: ='DATA BASE'!Z69 -> 43902
A68: ='DATA BASE'!A70 -> 113M-124 | B68: ='DATA BASE'!P70 -> 400 | C68: ='DATA BASE'!Q70 -> 18 | D68: ='DATA BASE'!O70 -> 0.35 | E68: ='DATA BASE'!N70 -> 47 | F68: ='DATA BASE'!S70 -> 83 | G68: ='DATA BASE'!T70 -> 27 | H68: ='DATA BASE'!U70 -> D1050N | I68: ='DATA BASE'!V70 -> 361 | J68: ='DATA BASE'!Z70 -> 44074
A69: ='DATA BASE'!A71 -> 113M-125 | B69: ='DATA BASE'!P71 -> 300 | C69: ='DATA BASE'!Q71 -> 28 | D69: ='DATA BASE'!O71 -> 0.35 | E69: ='DATA BASE'!N71 -> 47 | F69: ='DATA BASE'!S71 -> 133 | G69: ='DATA BASE'!T71 -> 32 | H69: ='DATA BASE'!U71 -> FLEX-10 | I69: ='DATA BASE'!V71 -> 222 | J69: ='DATA BASE'!Z71 -> 44107
A74: ='WELLS BLANCE'!A74 -> BM-15 RE. | B74: ='DATA BASE'!P75 -> 400 | C74: ='DATA BASE'!Q75 -> 17 | D74: ='DATA BASE'!O75 -> 0.04 | E74: ='DATA BASE'!N75 -> 158 | F74: ='DATA BASE'!S75 -> 83 | G74: ='DATA BASE'!T75 -> 27 | H74: ='DATA BASE'!U75 -> WD450+TT74:T126 | I74: ='DATA BASE'!V75 -> 245 | J74: ='DATA BASE'!Z75 -> 43422
A75: ='WELLS BLANCE'!A75 -> BM-17 | B75: ='DATA BASE'!P76 -> 400 | C75: ='DATA BASE'!Q76 -> 20 | D75: ='DATA BASE'!O76 -> 0.03 | E75: ='DATA BASE'!N76 -> 74 | F75: ='DATA BASE'!S76 -> 83 | G75: ='DATA BASE'!T76 -> 28.5 | H75: ='DATA BASE'!U76 -> WD-850 | I75: ='DATA BASE'!V76 -> 300 | J75: ='DATA BASE'!Z76 -> 43023
A76: ='WELLS BLANCE'!A76 -> BM-19 | B76: ='DATA BASE'!P77 -> 400 | C76: ='DATA BASE'!Q77 -> 17 | D76: ='DATA BASE'!O77 -> 0 | E76: ='DATA BASE'!N77 -> 0 | F76: ='DATA BASE'!S77 -> 60 | G76: ='DATA BASE'!T77 -> 20 | H76: ='DATA BASE'!U77 -> D460N | I76: ='DATA BASE'!V77 -> 288 | J76: ='DATA BASE'!Z77 -> 43588
A77: ='WELLS BLANCE'!A77 -> BM-21 | B77: ='DATA BASE'!P78 -> 400 | C77: ='DATA BASE'!Q78 -> 15 | D77: ='DATA BASE'!O78 -> 0 | E77: ='DATA BASE'!N78 -> 0 | F77: ='DATA BASE'!S78 -> 75 | G77: ='DATA BASE'!T78 -> 27 | H77: ='DATA BASE'!U78 -> P-4 | I77: ='DATA BASE'!V78 -> 357 | J77: ='DATA BASE'!Z78 -> 43269
A78: ='WELLS BLANCE'!A78 -> BM-22 | B78: ='DATA BASE'!P79 -> 400 | C78: ='DATA BASE'!Q79 -> 21 | D78: ='DATA BASE'!O79 -> 0.09 | E78: ='DATA BASE'!N79 -> 108 | F78: ='DATA BASE'!S79 -> 76 | G78: ='DATA BASE'!T79 -> 25.6 | H78: ='DATA BASE'!U79 -> B338-400 | I78: ='DATA BASE'!V79 -> 584 | J78: ='DATA BASE'!Z79 -> 43729
A79: ='WELLS BLANCE'!A79 -> BM-23 RE. | B79: ='DATA BASE'!P80 -> 400 | C79: ='DATA BASE'!Q80 -> 92 | D79: ='DATA BASE'!O80 -> 0.05 | E79: ='DATA BASE'!N80 -> 49 | F79: ='DATA BASE'!S80 -> 2*150 | G79: ='DATA BASE'!T80 -> 111 | H79: ='DATA BASE'!U80 -> WG-3200 | I79: ='DATA BASE'!V80 -> 400 | J79: ='DATA BASE'!Z80 -> 43993
A80: ='WELLS BLANCE'!A80 -> BM-26 | B80: ='DATA BASE'!P82 -> 110 | C80: ='DATA BASE'!Q82 -> 19 | D80: ='DATA BASE'!O82 -> 0.03 | E80: ='DATA BASE'!N82 -> 34 | F80: ='DATA BASE'!S82 -> 66.7 | G80: ='DATA BASE'!T82 -> 23.6 | H80: ='DATA BASE'!U82 -> WF400-500 | I80: ='DATA BASE'!V82 -> 391 | J80: ='DATA BASE'!Z82 -> 42616
A81: ='WELLS BLANCE'!A81 -> BM-27 | B81: ='DATA BASE'!P83 -> 400 | C81: ='DATA BASE'!Q83 -> 19 | D81: ='DATA BASE'!O83 -> 0 | E81: ='DATA BASE'!N83 -> 0 | F81: ='DATA BASE'!S83 -> 66.7 | G81: ='DATA BASE'!T83 -> 22 | H81: ='DATA BASE'!U83 -> B400-500 | I81: ='DATA BASE'!V83 -> 391 | J81: ='DATA BASE'!Z83 -> 42888
A82: ='WELLS BLANCE'!A82 -> BM-29 | B82: ='DATA BASE'!#REF! -> #REF! | C82: ='DATA BASE'!#REF! -> #REF! | D82: ='DATA BASE'!#REF! -> #REF! | E82: ='DATA BASE'!#REF! -> #REF! | F82: ='DATA BASE'!#REF! -> #REF! | G82: ='DATA BASE'!#REF! -> #REF! | H82: ='DATA BASE'!#REF! -> #REF! | I82: ='DATA BASE'!#REF! -> #REF! | J82: ='DATA BASE'!#REF! -> #REF!
A83: ='WELLS BLANCE'!A83 -> BM-30 | B83: ='DATA BASE'!P85 -> 0 | C83: ='DATA BASE'!Q85 -> 0 | D83: ='DATA BASE'!O85 -> 0 | E83: ='DATA BASE'!N85 -> 0 | F83: ='DATA BASE'!S85 -> 71 | G83: ='DATA BASE'!T85 -> 27 | H83: ='DATA BASE'!U85 -> FLEX 3.2 | I83: ='DATA BASE'!V85 -> 564 | J83: ='DATA BASE'!Z85 -> 43553
A84: ='WELLS BLANCE'!A84 -> BM-34 | B84: ='DATA BASE'!P86 -> 400 | C84: ='DATA BASE'!Q86 -> 14 | D84: ='DATA BASE'!O86 -> 0.05 | E84: ='DATA BASE'!N86 -> 148 | F84: ='DATA BASE'!S86 -> 60 | G84: ='DATA BASE'!T86 -> 24 | H84: ='DATA BASE'!U86 -> D460N | I84: ='DATA BASE'!V86 -> 216 | J84: ='DATA BASE'!Z86 -> 43992
A85: ='WELLS BLANCE'!A85 -> BM-36 | B85: ='DATA BASE'!P87 -> 400 | C85: ='DATA BASE'!Q87 -> 0 | D85: ='DATA BASE'!O87 -> 0 | E85: ='DATA BASE'!N87 -> 0 | F85: ='DATA BASE'!S87 -> 83 | G85: ='DATA BASE'!T87 -> 31.5 | H85: ='DATA BASE'!U87 -> AN500 | I85: ='DATA BASE'!V87 -> 643 | J85: ='DATA BASE'!Z87 -> 43204
A86: ='WELLS BLANCE'!A86 -> BM-39S.T | B86: ='DATA BASE'!P89 -> 400 | C86: ='DATA BASE'!Q89 -> 21 | D86: ='DATA BASE'!O89 -> 0.22 | E86: ='DATA BASE'!N89 -> 200 | F86: ='DATA BASE'!S89 -> 75 | G86: ='DATA BASE'!T89 -> 25 | H86: ='DATA BASE'!U89 -> B400-500 | I86: ='DATA BASE'!V89 -> 261 | J86: ='DATA BASE'!Z89 -> 43728
A87: ='WELLS BLANCE'!A87 -> BM-41 | B87: ='DATA BASE'!P90 -> 0 | C87: ='DATA BASE'!Q90 -> 0 | D87: ='DATA BASE'!O90 -> 0 | E87: ='DATA BASE'!N90 -> 0 | F87: ='DATA BASE'!S90 -> 229 | G87: ='DATA BASE'!T90 -> 75 | H87: ='DATA BASE'!U90 -> GC-2200 | I87: ='DATA BASE'!V90 -> 205 | J87: ='DATA BASE'!Z90 -> 43430
A88: Well NO. | B88: WHP | C88: AMP | D88: GAS MMS CF/D | E88: GOR M3/M3 | F88: MOTOR HP | G88: AMP | H88: PUMP TYPE | I88: STG. | J88: LAST W.O
A89: ='DATA BASE'!A91 -> BM-43 | B89: ='DATA BASE'!P91 -> 400 | C89: ='DATA BASE'!Q91 -> 22 | D89: ='DATA BASE'!O91 -> 0 | E89: ='DATA BASE'!N91 -> 0 | F89: ='DATA BASE'!S91 -> 75 | G89: ='DATA BASE'!T91 -> 27.2 | H89: ='DATA BASE'!U91 -> D800N | I89: ='DATA BASE'!V91 -> 260 | J89: ='DATA BASE'!Z91 -> 43189
A90: ='DATA BASE'!#REF! -> #REF! | B90: ='DATA BASE'!#REF! -> #REF! | C90: ='DATA BASE'!#REF! -> #REF! | D90: ='DATA BASE'!#REF! -> #REF! | E90: ='DATA BASE'!#REF! -> #REF! | F90: ='DATA BASE'!#REF! -> #REF! | G90: ='DATA BASE'!#REF! -> #REF! | H90: ='DATA BASE'!#REF! -> #REF! | ... J90: ='DATA BASE'!#REF! -> #REF!
A91: ='DATA BASE'!A94 -> BM-49 | B91: ='DATA BASE'!P94 -> 400 | C91: ='DATA BASE'!Q94 -> 49 | D91: ='DATA BASE'!O94 -> 0.27 | E91: ='DATA BASE'!N94 -> 95 | F91: ='DATA BASE'!S94 -> 250 | G91: ='DATA BASE'!T94 -> 87 | H91: ='DATA BASE'!U94 -> WG-1600 | I91: ='DATA BASE'!V94 -> 286 | J91: ='DATA BASE'!Z94 -> 43945
A92: ='DATA BASE'!A95 -> BM-51 | B92: ='DATA BASE'!P95 -> 400 | C92: ='DATA BASE'!Q95 -> 44 | D92: ='DATA BASE'!O95 -> 0.43 | E92: ='DATA BASE'!N95 -> 149 | F92: ='DATA BASE'!S95 -> 167 | G92: ='DATA BASE'!T95 -> 55.5 | H92: ='DATA BASE'!U95 -> GN-1600 | I92: ='DATA BASE'!V95 -> 202 | J92: ='DATA BASE'!Z95 -> 43967
A93: ='DATA BASE'!A96 -> BM-52 | B93: ='DATA BASE'!P96 -> 400 | C93: ='DATA BASE'!Q96 -> 17 | D93: ='DATA BASE'!O96 -> 0.11 | E93: ='DATA BASE'!N96 -> 104 | F93: ='DATA BASE'!S96 -> 62.5 | G93: ='DATA BASE'!T96 -> 23.1 | H93: ='DATA BASE'!U96 -> D460N | I93: ='DATA BASE'!V96 -> 245 | J93: ='DATA BASE'!Z96 -> 43802
A94: ='DATA BASE'!A97 -> BM-57 | B94: ='DATA BASE'!P97 -> 400 | C94: ='DATA BASE'!Q97 -> 58 | D94: ='DATA BASE'!O97 -> 0.23 | E94: ='DATA BASE'!N97 -> 81 | F94: ='DATA BASE'!S97 -> 250 | G94: ='DATA BASE'!T97 -> 77 | H94: ='DATA BASE'!U97 -> GC-2200 | I94: ='DATA BASE'!V97 -> 177 | J94: ='DATA BASE'!Z97 -> 43731
A95: ='DATA BASE'!A98 -> BM-59 | B95: ='DATA BASE'!P98 -> 0 | C95: ='DATA BASE'!Q98 -> 30 | D95: ='DATA BASE'!O98 -> 0 | E95: ='DATA BASE'!N98 -> 0 | F95: ='DATA BASE'!S98 -> 104 | G95: ='DATA BASE'!T98 -> 39 | H95: ='DATA BASE'!U98 -> FLEX-10 | I95: ='DATA BASE'!V98 -> 357 | J95: ='DATA BASE'!Z98 -> 43044
A96: ='DATA BASE'!A99 -> BM-69 | B96: ='DATA BASE'!P99 -> 400 | C96: ='DATA BASE'!Q99 -> 23 | D96: ='DATA BASE'!O99 -> 0 | E96: ='DATA BASE'!N99 -> 0 | F96: ='DATA BASE'!S99 -> 83 | G96: ='DATA BASE'!T99 -> 27 | H96: ='DATA BASE'!U99 -> flex-10 | I96: ='DATA BASE'!V99 -> 260 | J96: ='DATA BASE'!Z99 -> 43189
A97: ='DATA BASE'!A101 -> BM-71 | B97: ='DATA BASE'!P101 -> 180 | C97: ='DATA BASE'!Q101 -> 20 | D97: ='DATA BASE'!O101 -> 0.05 | E97: ='DATA BASE'!N101 -> 43 | F97: ='DATA BASE'!S101 -> 83.3 | G97: ='DATA BASE'!T101 -> 29.5 | H97: ='DATA BASE'!U101 -> B400-1050 | I97: ='DATA BASE'!V101 -> 303 | J97: ='DATA BASE'!Z101 -> 43771
A98: ='DATA BASE'!A102 -> BM-72 | B98: ='DATA BASE'!P102 -> 0 | C98: ='DATA BASE'!Q102 -> 16 | D98: ='DATA BASE'!O102 -> 0 | E98: ='DATA BASE'!N102 -> 0 | F98: ='DATA BASE'!S102 -> 64 | G98: ='DATA BASE'!T102 -> 24 | H98: ='DATA BASE'!U102 -> FLEX 3.2 | I98: ='DATA BASE'!V102 -> 547 | J98: ='DATA BASE'!Z102 -> 43559
A99: ='DATA BASE'!A103 -> BM-73 | B99: ='DATA BASE'!P103 -> 0 | C99: ='DATA BASE'!Q103 -> 0 | D99: ='DATA BASE'!O103 -> 0.03 | E99: ='DATA BASE'!N103 -> 28 | F99: ='DATA BASE'!S103 -> 75 | G99: ='DATA BASE'!T103 -> 27.2 | H99: ='DATA BASE'!U103 -> DN-800 | I99: ='DATA BASE'!V103 -> 276 | J99: ='DATA BASE'!Z103 -> 42123
A100: ='DATA BASE'!A104 -> BM-75 | B100: ='DATA BASE'!P104 -> 500 | C100: ='DATA BASE'!Q104 -> 14 | D100: ='DATA BASE'!O104 -> 0.3 | E100: ='DATA BASE'!N104 -> 77 | F100: ='DATA BASE'!S104 -> 75 | G100: ='DATA BASE'!T104 -> 27.2 | H100: ='DATA BASE'!U104 -> DN-800 | I100: ='DATA BASE'!V104 -> 260 | J100: ='DATA BASE'!Z104 -> 42547
A101: ='DATA BASE'!#REF! -> #REF! | B101: ='DATA BASE'!#REF! -> #REF! | C101: ='DATA BASE'!#REF! -> #REF! | D101: ='DATA BASE'!#REF! -> #REF! | E101: ='DATA BASE'!#REF! -> #REF! | F101: ='DATA BASE'!#REF! -> #REF! | G101: ='DATA BASE'!#REF! -> #REF! | H101: ='DATA BASE'!#REF! -> #REF! | ... J101: ='DATA BASE'!#REF! -> #REF!
A102: ='DATA BASE'!A106 -> BM-78 | B102: ='DATA BASE'!P106 -> 400 | C102: ='DATA BASE'!Q106 -> 29 | D102: ='DATA BASE'!O106 -> 0.37 | E102: ='DATA BASE'!N106 -> 317 | F102: ='DATA BASE'!S106 -> 125 | G102: ='DATA BASE'!T106 -> 40 | H102: ='DATA BASE'!U106 -> PMX H6 | I102: ='DATA BASE'!V106 -> 253 | J102: ='DATA BASE'!Z106 -> 43095
A103: ='DATA BASE'!A107 -> BM-80 | B103: ='DATA BASE'!P107 -> 0 | C103: ='DATA BASE'!Q107 -> 0 | D103: ='DATA BASE'!O107 -> 0 | E103: ='DATA BASE'!N107 -> 0 | F103: ='DATA BASE'!S107 -> 150 | G103: ='DATA BASE'!T107 -> 120 | H103: ='DATA BASE'!U107 -> WG-2500 | I103: ='DATA BASE'!V107 -> 236 | J103: ='DATA BASE'!Z107 -> 43480
A104: ='DATA BASE'!A108 -> BM-81 | B104: ='DATA BASE'!P108 -> 500 | C104: ='DATA BASE'!Q108 -> 28 | D104: ='DATA BASE'!O108 -> 0.03 | E104: ='DATA BASE'!N108 -> 24 | F104: ='DATA BASE'!S108 -> 125 | G104: ='DATA BASE'!T108 -> 44 | H104: ='DATA BASE'!U108 -> WD1200MF | I104: ='DATA BASE'!V108 -> 324 | J104: ='DATA BASE'!Z108 -> 24/6/2019
A105: ='DATA BASE'!A109 -> BM-82 | B105: ='DATA BASE'!P109 -> 400 | C105: ='DATA BASE'!Q109 -> 19 | D105: ='DATA BASE'!O109 -> 0.03 | E105: ='DATA BASE'!N109 -> 32 | F105: ='DATA BASE'!S109 -> 67 | G105: ='DATA BASE'!T109 -> 24 | H105: ='DATA BASE'!U109 -> WD-650 | I105: ='DATA BASE'!V109 -> 352 | J105: ='DATA BASE'!Z109 -> 43236
A106: ='DATA BASE'!A110 -> BM-85 | B106: ='DATA BASE'!P110 -> 400 | C106: ='DATA BASE'!Q110 -> 24 | D106: ='DATA BASE'!O110 -> 0.21 | E106: ='DATA BASE'!N110 -> 392 | F106: ='DATA BASE'!S110 -> 100 | G106: ='DATA BASE'!T110 -> 35 | H106: ='DATA BASE'!U110 -> WD-650 | I106: ='DATA BASE'!V110 -> 400 | J106: ='DATA BASE'!Z110 -> 44005
A107: ='DATA BASE'!A111 -> BM-86 | B107: ='DATA BASE'!P111 -> 400 | C107: ='DATA BASE'!Q111 -> 20 | D107: ='DATA BASE'!O111 -> 0.1 | E107: ='DATA BASE'!N111 -> 105 | F107: ='DATA BASE'!S111 -> 64 | G107: ='DATA BASE'!T111 -> 24 | H107: ='DATA BASE'!U111 -> FLEX 3.2 | I107: ='DATA BASE'!V111 -> 512 | J107: ='DATA BASE'!Z111 -> 43979
A108: ='DATA BASE'!A112 -> BM-88 | B108: ='DATA BASE'!P112 -> 300 | C108: ='DATA BASE'!Q112 -> 16 | D108: ='DATA BASE'!O112 -> 0 | E108: ='DATA BASE'!N112 -> 0 | F108: ='DATA BASE'!S112 -> 60 | G108: ='DATA BASE'!T112 -> 20 | H108: ='DATA BASE'!U112 -> DN-475 | I108: ='DATA BASE'!V112 -> 409 | J108: ='DATA BASE'!Z112 -> 41350
A109: ='DATA BASE'!A113 -> BM-89 | B109: ='DATA BASE'!P113 -> 0 | C109: ='DATA BASE'!Q113 -> 0 | D109: ='DATA BASE'!O113 -> 0 | E109: ='DATA BASE'!N113 -> 0 | F109: ='DATA BASE'!S113 -> 167 | G109: ='DATA BASE'!T113 -> 54 | H109: ='DATA BASE'!U113 -> WD-1600 | I109: ='DATA BASE'!V113 -> 218 | J109: ='DATA BASE'!Z113 -> 43616
A110: ='DATA BASE'!A114 -> BM-90 | B110: ='DATA BASE'!P114 -> 400 | C110: ='DATA BASE'!Q114 -> 29 | D110: ='DATA BASE'!O114 -> 0.2 | E110: ='DATA BASE'!N114 -> 71 | F110: ='DATA BASE'!S114 -> 88 | G110: ='DATA BASE'!T114 -> 36 | H110: ='DATA BASE'!U114 -> FLEX-10 | I110: ='DATA BASE'!V114 -> 237 | J110: ='DATA BASE'!Z114 -> 43753
A111: ='DATA BASE'!A115 -> BM-91 | B111: ='DATA BASE'!P115 -> 400 | C111: ='DATA BASE'!Q115 -> 44 | D111: ='DATA BASE'!O115 -> 0 | E111: ='DATA BASE'!N115 -> 0 | F111: ='DATA BASE'!S115 -> 167 | G111: ='DATA BASE'!T115 -> 54 | H111: ='DATA BASE'!U115 -> WD-1600 | I111: ='DATA BASE'!V115 -> 218 | J111: ='DATA BASE'!Z115 -> 43250
A112: ='DATA BASE'!A116 -> BM-92 RE. | B112: ='DATA BASE'!P116 -> 500 | C112: ='DATA BASE'!Q116 -> 25 | D112: ='DATA BASE'!O116 -> 0.02 | E112: ='DATA BASE'!N116 -> 15 | F112: ='DATA BASE'!S116 -> 99 | G112: ='DATA BASE'!T116 -> 36 | H112: ='DATA BASE'!U116 -> FLEX-10 | I112: ='DATA BASE'!V116 -> 0 | J112: ='DATA BASE'!Z116 -> 43280
A113: ='DATA BASE'!A117 -> BM-93 | B113: ='DATA BASE'!P117 -> 250 | C113: ='DATA BASE'!Q117 -> 21 | D113: ='DATA BASE'!O117 -> 0.01 | E113: ='DATA BASE'!N117 -> 16 | F113: ='DATA BASE'!S117 -> 83.4 | G113: ='DATA BASE'!T117 -> 30.5 | H113: ='DATA BASE'!U117 -> AN550 | I113: ='DATA BASE'!V117 -> 551 | J113: ='DATA BASE'!Z117 -> 13/11/2018
... A118: ='DATA BASE'!A122 -> BM-102 | B118: ='DATA BASE'!P122 -> 300 | C118: ='DATA BASE'!Q122 -> 15 | D118: ='DATA BASE'!O122 -> 0.3 | E118: ='DATA BASE'!N122 -> 617 | F118: ='DATA BASE'!S122 -> 60 | G118: ='DATA BASE'!T122 -> 20 | H118: ='DATA BASE'!U122 -> D460N | I118: ='DATA BASE'!V122 -> 216 | J118: ='DATA BASE'!Z122 -> 43556
A119: Well NO. | B119: WHP | C119: AMP | D119: GAS MMS CF/D | E119: GOR M3/M3 | F119: MOTOR HP | G119: AMP | H119: PUMP TYPE | I119: STG. | J119: LAST W.O
A120: ='DATA BASE'!A124 -> BM-104 | B120: ='DATA BASE'!P124 -> 500 | C120: ='DATA BASE'!Q124 -> 26 | D120: ='DATA BASE'!O124 -> 0 | E120: ='DATA BASE'!N124 -> 0 | F120: ='DATA BASE'!S124 -> 78 | G120: ='DATA BASE'!T124 -> 27 | H120: ='DATA BASE'!U124 -> DN-1050 | I120: ='DATA BASE'!V124 -> 261 | J120: ='DATA BASE'!Z124 -> 42691
A121: ='DATA BASE'!A125 -> BM-105 | B121: ='DATA BASE'!P125 -> 400 | C121: ='DATA BASE'!Q125 -> 15 | D121: ='DATA BASE'!O125 -> 0.13 | E121: ='DATA BASE'!N125 -> 83 | F121: ='DATA BASE'!S125 -> 75 | G121: ='DATA BASE'!T125 -> 25 | H121: ='DATA BASE'!U125 -> B400-500 | I121: ='DATA BASE'!V125 -> 402 | J121: ='DATA BASE'!Z125 -> 42944
...

Sheet w.c
A1: Well | B1: REP. W.C | C1: ACT. W.C | D1: Well | E1: REP. W.C | F1: ACT. W.C
A2: 113M-01 RE. | B2: ='DATA BASE'!I8 -> 66 | C2: ='DATA BASE'!L8 -> 68.6 | D2: 113M-70 | E2: ='DATA BASE'!I33 -> 80 | F2: ='DATA BASE'!L33 -> 66.9
A3: 113M-02 | B3: ='DATA BASE'!I9 -> 79.6 | C3: ='DATA BASE'!L9 -> 0.8 | D3: 113M-71 | E3: ='DATA BASE'!I34 -> 87 | F3: ='DATA BASE'!L34 -> 91.4
A4: 113M-04 | B4: ='DATA BASE'!I11 -> 93.6 | C4: ='DATA BASE'!L11 -> 97.7 | D4: 113M-72 | E4: ='DATA BASE'!I35 -> 0 | F4: ='DATA BASE'!L35 -> 67.8
A5: 113M-08 BIS | B5: ='DATA BASE'!I12 -> 73.2 | C5: ='DATA BASE'!L12 -> 87.2 | D5: 113M-74 | E5: ='DATA BASE'!I36 -> 80 | F5: ='DATA BASE'!L36 -> 69.6
A6: 113M-18 | B6: ='DATA BASE'!I13 -> 84.2 | C6: ='DATA BASE'!L13 -> 85.6 | D6: 113M-76 | E6: ='DATA BASE'!I37 -> 93 | F6: ='DATA BASE'!L37 -> 74.3
A7: 113M-26 | B7: ='DATA BASE'!I14 -> 93.6 | C7: ='DATA BASE'!L14 -> 88 | D7: 113M-77 H | E7: ='DATA BASE'!I38 -> 85 | F7: ='DATA BASE'!L38 -> 85.4
A8: 113M-29 | B8: ='DATA BASE'!I15 -> 70 | C8: ='DATA BASE'!L15 -> 54.1 | D8: 113M-78 | E8: ='DATA BASE'!I39 -> 46 | F8: ='DATA BASE'!L39 -> 68.8
A9: 113M-30 | B9: ='DATA BASE'!I16 -> 87 | C9: ='DATA BASE'!L16 -> 68.9 | D9: 113M-79 | E9: ='DATA BASE'!I40 -> 53.2 | F9: ='DATA BASE'!L40 -> 82.2
A10: 113M-35 | B10: ='DATA BASE'!I17 -> 80 | C10: ='DATA BASE'!L17 -> 97.2 | D10: 113M-80 | E10: ='DATA BASE'!I41 -> 50.7 | F10: ='DATA BASE'!L41 -> 65.5
A11: 113M-40 | B11: ='DATA BASE'!I18 -> 0 | C11: ='DATA BASE'!L18 -> 0 | D11: 113M-81 | E11: ='DATA BASE'!I42 -> 86 | F11: ='DATA BASE'!L42 -> 88.9
A12: 113M-42 | B12: ='DATA BASE'!I19 -> 90 | C12: ='DATA BASE'!L19 -> 0 | D12: 113M-82 | E12: ='DATA BASE'!I43 -> 51 | F12: ='DATA BASE'!L43 -> 58.5
A13: 113M-45 | B13: ='DATA BASE'!I20 -> 60 | C13: ='DATA BASE'!L20 -> 95 | D13: 113M-83 | E13: ='DATA BASE'!I44 -> 94.6 | F13: ='DATA BASE'!L44 -> 92.5
A14: 113M-46 | B14: ='DATA BASE'!I21 -> 95 | C14: ='DATA BASE'!L21 -> 93.3 | D14: 113M-84 | E14: ='DATA BASE'!I45 -> 26.2 | F14: ='DATA BASE'!L45 -> 96
A15: 113M-48 | B15: ='DATA BASE'!I22 -> 41 | C15: ='DATA BASE'!L22 -> 36.8 | D15: 113M-86 | E15: ='DATA BASE'!I47 -> 30 | F15: ='DATA BASE'!L47 -> 40.9
A16: 113M-49 | B16: ='DATA BASE'!I23 -> 83.5 | C16: ='DATA BASE'!L23 -> 84.2 | D16: 113M-87 | E16: ='DATA BASE'!I48 -> 0 | F16: ='DATA BASE'!L48 -> 77.2
A17: 113M-50 | B17: ='DATA BASE'!I24 -> 3.6 | C17: ='DATA BASE'!L24 -> 4 | D17: 113M-91 | E17: ='DATA BASE'!I49 -> 71.2 | F17: ='DATA BASE'!L49 -> 71.2
A18: 113M-55 | B18: ='DATA BASE'!I25 -> 67.4 | C18: ='DATA BASE'!L25 -> 20.3 | D18: 113M-94 | E18: ='DATA BASE'!I50 -> 80 | F18: ='DATA BASE'!L50 -> 76.7
A19: 113M-57 | B19: ='DATA BASE'!I26 -> 66 | C19: ='DATA BASE'!L26 -> 78.2 | D19: 113M-96 | E19: ='DATA BASE'!I51 -> 0 | F19: ='DATA BASE'!L51 -> 92
A20: 113M-58 | B20: ='DATA BASE'!I27 -> 91.3 | C20: ='DATA BASE'!L27 -> 91.3 | D20: 113M-97 | E20: ='DATA BASE'!I52 -> 50 | F20: ='DATA BASE'!L52 -> 50
A21: 113M-59 | B21: ='DATA BASE'!I28 -> 90.8 | C21: ='DATA BASE'!L28 -> 82.9 | D21: 113M-99 | E21: ='DATA BASE'!I53 -> 84 | F21: ='DATA BASE'!L53 -> 79.6
A22: 113-M65 | B22: ='DATA BASE'!I29 -> 95 | C22: ='DATA BASE'!L29 -> 92 | D22: 113M-100 | E22: ='DATA BASE'!I54 -> 58.2 | F22: ='DATA BASE'!L54 -> 58.2
A23: 113M-66 | B23: ='DATA BASE'!I30 -> 90 | C23: ='DATA BASE'!L30 -> 98 | D23: 113M-101 | E23: ='DATA BASE'!I55 -> 0 | F23: ='DATA BASE'!L55 -> 0.8
A24: 113M-67 | B24: ='DATA BASE'!I31 -> 97 | C24: ='DATA BASE'!L31 -> 92.7 | D24: 113M-102 | E24: ='DATA BASE'!#REF! -> #REF! | F24: ='DATA BASE'!#REF! -> #REF!
A25: 113M-68 ST | B25: ='DATA BASE'!I32 -> 98 | C25: ='DATA BASE'!L32 -> 96 | D25: 113M-103 | E25: ='DATA BASE'!I56 -> 69.3 | F25: ='DATA BASE'!L56 -> 95.6
A26: Well | B26: REP. W.C | C26: ACT. W.C | D26: Well | E26: REP. W.C | F26: ACT. W.C
A27: 113M-104 | B27: ='DATA BASE'!#REF! -> #REF! | C27: ='DATA BASE'!#REF! -> #REF! | D27: BM-15 RE. | E27: ='DATA BASE'!I75 -> 75 | F27: ='DATA BASE'!L75 -> 33.1
A28: 113M-107 | B28: ='DATA BASE'!I57 -> 80 | C28: ='DATA BASE'!L57 -> 90.7 | D28: BM-17 | E28: ='DATA BASE'!I76 -> 79 | F28: ='DATA BASE'!L76 -> 73.7
A29: 113M-108 | B29: ='DATA BASE'!#REF! -> #REF! | C29: ='DATA BASE'!#REF! -> #REF! | D29: BM-19 | E29: ='DATA BASE'!I77 -> 0 | F29: ='DATA BASE'!L77 -> 40.9
A30: 113M-109 | B30: ='DATA BASE'!I58 -> 50 | C30: ='DATA BASE'!L58 -> 50.8 | D30: BM-21 | E30: ='DATA BASE'!I78 -> 68.6 | F30: ='DATA BASE'!L78 -> 2.4
A31: 113M-110 | B31: ='DATA BASE'!I59 -> 94.6 | C31: ='DATA BASE'!L59 -> 93.7 | D31: BM-22 | E31: ='DATA BASE'!I79 -> 61.9 | F31: ='DATA BASE'!L79 -> 78.4
A32: 113M-112 | B32: ='DATA BASE'!I60 -> 71.6 | C32: ='DATA BASE'!L60 -> 80.2 | D32: BM-23 RE. | E32: ='DATA BASE'!I80 -> 100 | F32: ='DATA BASE'!L80 -> 97.5
A33: 113M-114 | B33: ='DATA BASE'!#REF! -> #REF! | C33: ='DATA BASE'!#REF! -> #REF! | D33: BM-26 | E33: ='DATA BASE'!I82 -> 45 | F33: ='DATA BASE'!L82 -> 67.9
A34: 113M-115 | B34: ='DATA BASE'!I61 -> 90.1 | C34: ='DATA BASE'!L61 -> 90.1 | D34: BM-27 | E34: ='DATA BASE'!I83 -> 1.2 | F34: ='DATA BASE'!L83 -> 37.6
A35: 113M-116 | B35: ='DATA BASE'!I62 -> 48.9 | C35: ='DATA BASE'!L62 -> 96 | D35: BM-29 | E35: ='DATA BASE'!#REF! -> #REF! | F35: ='DATA BASE'!#REF! -> #REF!
A36: 113M-117 | B36: ='DATA BASE'!I63 -> 46.5 | C36: ='DATA BASE'!L63 -> 42.4 | D36: BM-30 | E36: ='DATA BASE'!I85 -> 0 | F36: ='DATA BASE'!L85 -> 94.3
A37: 113M-118 | B37: ='DATA BASE'!I64 -> 50 | C37: ='DATA BASE'!L64 -> 3.2 | D37: BM-34 | E37: ='DATA BASE'!I86 -> 64.8 | F37: ='DATA BASE'!L86 -> 64.8
A38: 113M-119 | B38: ='DATA BASE'!I65 -> 1.6 | C38: ='DATA BASE'!L65 -> 7.3 | D38: BM-36 | E38: ='DATA BASE'!I87 -> 0 | F38: ='DATA BASE'!L87 -> 80
A39: 113M-120 | B39: ='DATA BASE'!I66 -> 27.8 | C39: ='DATA BASE'!L66 -> 4.8 | D39: BM-39S.T | E39: ='DATA BASE'!I89 -> 74 | F39: ='DATA BASE'!L89 -> 73.1
A40: 113M-121 | B40: ='DATA BASE'!I67 -> 13 | C40: ='DATA BASE'!L67 -> 0.8 | D40: BM-41 | E40: ='DATA BASE'!I90 -> 90 | F40: ='DATA BASE'!L90 -> 92
A41: 113M-122 | B41: ='DATA BASE'!I68 -> 4 | C41: ='DATA BASE'!L68 -> 29.7 | D41: BM-43 | E41: ='DATA BASE'!I91 -> 0 | F41: ='DATA BASE'!L91 -> 82
A42: 113M-123 | B42: ='DATA BASE'!I69 -> 7 | C42: ='DATA BASE'!L69 -> 22.7 | D42: BM-47 | E42: ='DATA BASE'!#REF! -> #REF! | F42: ='DATA BASE'!#REF! -> #REF!
A43: 113M-124 | B43: ='DATA BASE'!I70 -> 8 | C43: ='DATA BASE'!L70 -> 1.6 | D43: BM-49 | E43: ='DATA BASE'!I94 -> 87 | F43: ='DATA BASE'!L94 -> 96
A44: 113M-125 | B44: ='DATA BASE'!I71 -> 5 | C44: ='DATA BASE'!L71 -> 100 | D44: BM-51 | E44: ='DATA BASE'!I95 -> 82 | F44: ='DATA BASE'!L95 -> 82
A45: 113M-126 | B45: ='DATA BASE'!I72 -> 0 | C45: ='DATA BASE'!L72 -> 0 | D45: BM-52 | E45: ='DATA BASE'!I96 -> 41.3 | F45: ='DATA BASE'!L96 -> 41.3
A46: 113M-128 | B46: ='DATA BASE'!I73 -> 18.3 | C46: ='DATA BASE'!L73 -> 38.5 | D46: BM-57 | E46: ='DATA BASE'!I97 -> 95 | F46: ='DATA BASE'!L97 -> 92.7
A47: 113M-129 | B47: ='DATA BASE'!I74 -> 59.4 | C47: ='DATA BASE'!L74 -> 57.3 | D47: BM-59 | E47: ='DATA BASE'!I98 -> 100 | F47: ='DATA BASE'!L98 -> 100
D48: BM-69 | E48: ='DATA BASE'!I99 -> 0 | F48: ='DATA BASE'!L99 -> 93.8
D49: BM-71 | E49: ='DATA BASE'!I101 -> 85.7 | F49: ='DATA BASE'!L101 -> 85.7
D50: BM-72 | E50: ='DATA BASE'!I102 -> 37 | F50: ='DATA BASE'!L102 -> 33
A51: Well | B51: REP. W.C | C51: ACT. W.C | D51: Well | E51: REP. W.C | F51: ACT. W.C
A52: BM-73 | B52: ='DATA BASE'!I103 -> 67.7 | C52: ='DATA BASE'!L103 -> 89.3 | D52: BM-114 | E52: ='DATA BASE'!I128 -> 9.7 | F52: 8.2
A53: BM-75 | B53: ='DATA BASE'!I104 -> 1.2 | C53: ='DATA BASE'!L104 -> 8.1 | D53: BM-115 | E53: ='DATA BASE'!I129 -> 68.5 | F53: 68.4
A54: BM-77 | B54: ='DATA BASE'!#REF! -> #REF! | C54: ='DATA BASE'!#REF! -> #REF! | D54: BM-116 | E54: ='DATA BASE'!#REF! -> #REF! | F54: 89.8
A55: BM-78 | B55: ='DATA BASE'!I106 -> 88 | C55: ='DATA BASE'!L106 -> 75.4 | D55: BM-118 | E55: ='DATA BASE'!I130 -> 96.8 | F55: 96.3
A56: BM-80 | B56: ='DATA BASE'!I107 -> 95 | C56: ='DATA BASE'!L107 -> 96 | D56: BM-119 | E56: ='DATA BASE'!I131 -> 92.4 | F56: 82.4
A57: BM-81 | B57: ='DATA BASE'!I108 -> 98 | C57: ='DATA BASE'!L108 -> 97.6 | D57: BM-120 | E57: ='DATA BASE'!I132 -> 12 | F57: 0.8
A58: BM-82 | B58: ='DATA BASE'!I109 -> 22.1 | C58: ='DATA BASE'!L109 -> 42.6 | D58: BM-121 | E58: ='DATA BASE'!I133 -> 12 | F58: 0.4
A59: BM-85 | B59: ='DATA BASE'!I110 -> 80 | C59: ='DATA BASE'!L110 -> 67.8 | D59: BM-122 | E59: ='DATA BASE'!I134 -> 10 | F59: 8.5
A60: BM-86 | B60: ='DATA BASE'!I111 -> 10 | C60: ='DATA BASE'!L111 -> 33.8 | D60: BM-124 | E60: ='DATA BASE'!I136 -> 3.2 | F60: 9.3
A61: BM-88 | B61: ='DATA BASE'!I112 -> 76.4 | C61: ='DATA BASE'!L112 -> 82.1 | D61: BM-125 | E61: ='DATA BASE'!I137 -> 0.4 | F61: 0.4
A62: BM-89 | B62: ='DATA BASE'!I113 -> 92.6 | C62: ='DATA BASE'!L113 -> 92.6 | D62: BMNW-04 | E62: ='DATA BASE'!I142 -> 0 | F62: 27
A63: BM-90 | B63: ='DATA BASE'!I114 -> 73.6 | C63: ='DATA BASE'!L114 -> 79.6 | D63: BMNW-05 | E63: ='DATA BASE'!I143 -> 0 | F63: 90
A64: BM-91 | B64: ='DATA BASE'!I115 -> 48 | C64: ='DATA BASE'!L115 -> 33.8 | D64: BMSW-1 R | E64: ='DATA BASE'!I144 -> 50 | F64: 46.6
A65: BM-92 RE. | B65: ='DATA BASE'!I116 -> 12 | C65: ='DATA BASE'!L116 -> 12 | D65: BMSW-2 | E65: ='DATA BASE'!I145 -> 0 | F65: 1.2
A66: BM-93 | B66: ='DATA BASE'!I117 -> 70 | C66: ='DATA BASE'!L117 -> 71.7 | D66: BMNE-2 | E66: ='DATA BASE'!I147 -> 0 | F66: 73.5
A67: BM-94 | B67: ='DATA BASE'!I118 -> 18 | C67: ='DATA BASE'!L118 -> 71.7 | D67: SINAI-02 | E67: ='DATA BASE'!I148 -> 94 | F67: 94
A68: BM-95H | B68: ='DATA BASE'!I119 -> 10 | C68: ='DATA BASE'!L119 -> 0.8 | D68: SINAI-04 RE | E68: ='DATA BASE'!I149 -> 93 | F68: 95
A69: BM-100 | B69: ='DATA BASE'!I120 -> 58.5 | C69: ='DATA BASE'!L120 -> 58.5 | D69: SINAI-06 | E69: ='DATA BASE'!I150 -> 90 | F69: 72.3
A70: BM-101 | B70: ='DATA BASE'!I121 -> 74.3 | C70: ='DATA BASE'!L121 -> 42.9 | D70: SINAI-07 | E70: ='DATA BASE'!I151 -> 92.7 | F70: 89.5
A71: BM-102 | B71: ='DATA BASE'!I122 -> 85.2 | C71: ='DATA BASE'!L122 -> 76.4 | D71: SINAI-08 | E71: ='DATA BASE'!I152 -> 88 | F71: 98
A72: BM-104 | B72: ='DATA BASE'!I124 -> 20 | C72: ='DATA BASE'!L124 -> 66.9 | D72: SINAI-09 | E72: ='DATA BASE'!I153 -> 12 | F72: 33.6
A73: BM-105 | B73: ='DATA BASE'!I125 -> 10 | C73: ='DATA BASE'!L125 -> 22.9
A74: BM-106 | B74: ='DATA BASE'!I126 -> 78.9 | C74: ='DATA BASE'!L126 -> 85.3
A75: BM-112 | B75: ='DATA BASE'!I127 -> 50 | C75: ='DATA BASE'!L127 -> 39

Sheet WELLS BLANCE
A1: Well NO. | B1: REP. RATE , M3/D | C1: REP.W.C % | D1: REP. NET M3/D | E1: ACT , M3/D2 | F1: ACT.W.C % | G1: ACT NET | H1: DIFF NET , M3/D
A2: 113M-01 RE. | B2: ='DATA BASE'!H8 -> 75 | C2: ='DATA BASE'!I8 -> 66 | D2: ='DATA BASE'!J8 -> 25.5 | E2: ='DATA BASE'!K8 -> 85 | F2: ='DATA BASE'!L8 -> 68.6 | G2: ='DATA BASE'!M8 -> 26.69 | H2: =G2-D2 -> 1.19
A3: 113M-02 | B3: ='DATA BASE'!H9 -> 80 | C3: ='DATA BASE'!I9 -> 79.6 | D3: ='DATA BASE'!J9 -> 16.32 | E3: ='DATA BASE'!K9 -> 80 | F3: ='DATA BASE'!L9 -> 0.8 | G3: ='DATA BASE'!M9 -> 79.36 | H3: =G3-D3 -> 63.04
A4: ='DATA BASE'!$A$10 -> 113M-03 | B4: ='DATA BASE'!H10 -> 0 | C4: ='DATA BASE'!I10 -> 0 | D4: ='DATA BASE'!J10 -> 0 | E4: ='DATA BASE'!K10 -> 50 | F4: ='DATA BASE'!L10 -> 57.3 | G4: ='DATA BASE'!M10 -> 21.35 | H4: =G4-D4 -> 21.35
A5: 113M-04 | B5: ='DATA BASE'!H11 -> 90 | C5: ='DATA BASE'!I11 -> 93.6 | D5: ='DATA BASE'!J11 -> 5.76 | E5: ='DATA BASE'!K11 -> 80 | F5: ='DATA BASE'!L11 -> 97.7 | G5: ='DATA BASE'!M11 -> 1.84 | H5: =G5-D5 -> -3.92
A6: 113M-08 BIS | B6: ='DATA BASE'!H12 -> 150 | C6: ='DATA BASE'!I12 -> 73.2 | D6: ='DATA BASE'!J12 -> 40.2 | E6: ='DATA BASE'!K12 -> 130 | F6: ='DATA BASE'!L12 -> 87.2 | G6: ='DATA BASE'!M12 -> 16.64 | H6: =G6-D6 -> -23.56
A7: 113M-18 | B7: ='DATA BASE'!H13 -> 400 | C7: ='DATA BASE'!I13 -> 84.2 | D7: ='DATA BASE'!J13 -> 63.2 | E7: ='DATA BASE'!K13 -> 400 | F7: ='DATA BASE'!L13 -> 85.6 | G7: ='DATA BASE'!M13 -> 57.6 | H7: =G7-D7 -> -5.6
A8: 113M-26 | B8: ='DATA BASE'!H14 -> 80 | C8: ='DATA BASE'!I14 -> 93.6 | D8: ='DATA BASE'!J14 -> 5.12 | E8: ='DATA BASE'!K14 -> 0 | F8: ='DATA BASE'!L14 -> 88 | G8: ='DATA BASE'!M14 -> 0 | H8: =G8-D8 -> -5.12
A9: 113M-29 | B9: ='DATA BASE'!H15 -> 120 | C9: ='DATA BASE'!I15 -> 70 | D9: ='DATA BASE'!J15 -> 36 | E9: ='DATA BASE'!K15 -> 95 | F9: ='DATA BASE'!L15 -> 54.1 | G9: ='DATA BASE'!M15 -> 43.605 | H9: =G9-D9 -> 7.605
A10: 113M-30 | B10: ='DATA BASE'!H16 -> 0 | C10: ='DATA BASE'!I16 -> 87 | D10: ='DATA BASE'!J16 -> 0 | E10: ='DATA BASE'!K16 -> 0 | F10: ='DATA BASE'!L16 -> 68.9 | G10: ='DATA BASE'!M16 -> 0 | H10: =G10-D10 -> 0
A11: 113M-35 | B11: ='DATA BASE'!H17 -> 0 | C11: ='DATA BASE'!I17 -> 80 | D11: ='DATA BASE'!J17 -> 0 | E11: ='DATA BASE'!K17 -> 200 | F11: ='DATA BASE'!L17 -> 97.2 | G11: ='DATA BASE'!M17 -> 5.6 | H11: =G11-D11 -> 5.6
A12: 113M-40 | B12: ='DATA BASE'!H18 -> 0 | C12: ='DATA BASE'!I18 -> 0 | D12: ='DATA BASE'!J18 -> 0 | E12: ='DATA BASE'!K18 -> 0 | F12: ='DATA BASE'!L18 -> 0 | G12: ='DATA BASE'!M18 -> 0 | H12: =G12-D12 -> 0
A13: 113M-42 | B13: ='DATA BASE'!H19 -> 0 | C13: ='DATA BASE'!I19 -> 90 | D13: ='DATA BASE'!J19 -> 0 | E13: ='DATA BASE'!K19 -> 0 | F13: ='DATA BASE'!L19 -> 0 | G13: ='DATA BASE'!M19 -> 0 | H13: =G13-D13 -> 0
A14: 113M-45 | B14: ='DATA BASE'!H20 -> 50 | C14: ='DATA BASE'!I20 -> 60 | D14: ='DATA BASE'!J20 -> 20 | E14: ='DATA BASE'!K20 -> 60 | F14: ='DATA BASE'!L20 -> 95 | G14: ='DATA BASE'!M20 -> 3 | H14: =G14-D14 -> -17
A15: 113M-46 | B15: ='DATA BASE'!H21 -> 200 | C15: ='DATA BASE'!I21 -> 95 | D15: ='DATA BASE'!J21 -> 10 | E15: ='DATA BASE'!K21 -> 185 | F15: ='DATA BASE'!L21 -> 93.3 | G15: ='DATA BASE'!M21 -> 12.395 | H15: =G15-D15 -> 2.395
A16: 113M-48 | B16: ='DATA BASE'!H22 -> 80 | C16: ='DATA BASE'!I22 -> 41 | D16: ='DATA BASE'!J22 -> 47.2 | E16: ='DATA BASE'!K22 -> 80 | F16: ='DATA BASE'!L22 -> 36.8 | G16: ='DATA BASE'!M22 -> 50.56 | H16: =G16-D16 -> 3.36
... A30: 113M-74 | B30: ='DATA BASE'!H36 -> 150 | C30: ='DATA BASE'!I36 -> 80 | D30: ='DATA BASE'!J36 -> 30 | E30: ='DATA BASE'!K36 -> 180 | F30: ='DATA BASE'!L36 -> 69.6 | G30: ='DATA BASE'!M36 -> 54.72 | H30: =G30-D30 -> 24.72
B31: =SUM(B2:B30) -> 2370 | D31: =SUM(D2:D30) -> 480.89 | E31: =SUM(E2:E30) -> 2525 | G31: =SUM(G2:G30) -> 574.745
A32: Well NO. | B32: REP. RATE , M3/D | C32: REP.W.C % | D32: REP. NET M3/D | E32: ACT , M3/D2 | F32: ACT.W.C % | G32: ACT NET | H32: DIFF NET , M3/D
A33: 113M-76 | B33: ='DATA BASE'!H37 -> 80 | C33: ='DATA BASE'!I37 -> 93 | D33: ='DATA BASE'!J37 -> 5.6 | E33: ='DATA BASE'!K37 -> 80 | F33: ='DATA BASE'!L37 -> 74.3 | G33: ='DATA BASE'!M37 -> 20.56 | H33: =G33-D33 -> 14.96
A34: 113M-77 H | B34: ='DATA BASE'!H38 -> 170 | C34: ='DATA BASE'!I38 -> 85 | D34: ='DATA BASE'!J38 -> 25.5 | E34: ='DATA BASE'!K38 -> 170 | F34: ='DATA BASE'!L38 -> 85.4 | G34: ='DATA BASE'!M38 -> 24.82 | H34: =G34-D34 -> -0.68
A35: 113M-78 | B35: ='DATA BASE'!H39 -> 80 | C35: ='DATA BASE'!I39 -> 46 | D35: ='DATA BASE'!J39 -> 43.2 | E35: ='DATA BASE'!K39 -> 70 | F35: ='DATA BASE'!L39 -> 68.8 | G35: ='DATA BASE'!M39 -> 21.84 | H35: =G35-D35 -> -21.36
A36: 113M-79 | B36: ='DATA BASE'!H40 -> 50 | C36: ='DATA BASE'!I40 -> 53.2 | D36: ='DATA BASE'!J40 -> 23.4 | E36: ='DATA BASE'!K40 -> 50 | F36: ='DATA BASE'!L40 -> 82.2 | G36: ='DATA BASE'!M40 -> 8.9 | H36: =G36-D36 -> -14.5
A37: 113M-80 | B37: ='DATA BASE'!H41 -> 90 | C37: ='DATA BASE'!I41 -> 50.7 | D37: ='DATA BASE'!J41 -> 44.37 | E37: ='DATA BASE'!K41 -> 100 | F37: ='DATA BASE'!L41 -> 65.5 | G37: ='DATA BASE'!M41 -> 34.5 | H37: =G37-D37 -> -9.87
A38: 113M-81 | B38: ='DATA BASE'!H42 -> 140 | C38: ='DATA BASE'!I42 -> 86 | D38: ='DATA BASE'!J42 -> 19.6 | E38: ='DATA BASE'!K42 -> 115 | F38: ='DATA BASE'!L42 -> 88.9 | G38: ='DATA BASE'!M42 -> 12.765 | H38: =G38-D38 -> -6.835
A39: 113M-82 | B39: ='DATA BASE'!H43 -> 90 | C39: ='DATA BASE'!I43 -> 51 | D39: ='DATA BASE'!J43 -> 44.1 | E39: ='DATA BASE'!K43 -> 80 | F39: ='DATA BASE'!L43 -> 58.5 | G39: ='DATA BASE'!M43 -> 33.2 | H39: =G39-D39 -> -10.9
A40: 113M-83 | B40: ='DATA BASE'!H44 -> 0 | C40: ='DATA BASE'!I44 -> 94.6 | D40: ='DATA BASE'!J44 -> 0 | E40: ='DATA BASE'!K44 -> 0 | F40: ='DATA BASE'!L44 -> 92.5 | G40: ='DATA BASE'!M44 -> 0 | H40: =G40-D40 -> 0
A41: 113M-84 | B41: ='DATA BASE'!H45 -> 550 | C41: ='DATA BASE'!I45 -> 26.2 | D41: ='DATA BASE'!J45 -> 405.9 | E41: ='DATA BASE'!K45 -> 545 | F41: ='DATA BASE'!L45 -> 96 | G41: ='DATA BASE'!M45 -> 21.8 | H41: =G41-D41 -> -384.1
A42: 113M-86 | B42: ='DATA BASE'!H47 -> 60 | C42: ='DATA BASE'!I47 -> 30 | D42: ='DATA BASE'!J47 -> 42 | E42: ='DATA BASE'!K47 -> 60 | F42: ='DATA BASE'!L47 -> 40.9 | G42: ='DATA BASE'!M47 -> 35.46 | H42: =G42-D42 -> -6.54
A43: 113M-87 | B43: ='DATA BASE'!H48 -> 0 | C43: ='DATA BASE'!I48 -> 0 | D43: ='DATA BASE'!J48 -> 0 | E43: ='DATA BASE'!K48 -> 80 | F43: ='DATA BASE'!L48 -> 77.2 | G43: ='DATA BASE'!M48 -> 18.24 | H43: =G43-D43 -> 18.24
A44: 113M-91 | B44: ='DATA BASE'!H49 -> 0 | C44: ='DATA BASE'!I49 -> 71.2 | D44: ='DATA BASE'!J49 -> 0 | E44: ='DATA BASE'!K49 -> 0 | F44: ='DATA BASE'!L49 -> 71.2 | G44: ='DATA BASE'!M49 -> 0 | H44: =G44-D44 -> 0
A45: 113M-94 | B45: ='DATA BASE'!H50 -> 0 | C45: ='DATA BASE'!I50 -> 80 | D45: ='DATA BASE'!J50 -> 0 | E45: ='DATA BASE'!K50 -> 0 | F45: ='DATA BASE'!L50 -> 76.7 | G45: ='DATA BASE'!M50 -> 0 | H45: =G45-D45 -> 0
A46: 113M-96 | B46: ='DATA BASE'!H51 -> 0 | C46: ='DATA BASE'!I51 -> 0 | D46: ='DATA BASE'!J51 -> 0 | E46: ='DATA BASE'!K51 -> 140 | F46: ='DATA BASE'!L51 -> 92 | G46: ='DATA BASE'!M51 -> 11.2 | H46: =G46-D46 -> 11.2
A47: 113M-97 | B47: ='DATA BASE'!H52 -> 50 | C47: ='DATA BASE'!I52 -> 50 | D47: ='DATA BASE'!J52 -> 25 | E47: ='DATA BASE'!K52 -> 50 | F47: ='DATA BASE'!L52 -> 50 | G47: ='DATA BASE'!M52 -> 25 | H47: =G47-D47 -> 0
A48: 113M-99 | B48: ='DATA BASE'!H53 -> 250 | C48: ='DATA BASE'!I53 -> 84 | D48: ='DATA BASE'!J53 -> 40 | E48: ='DATA BASE'!K53 -> 210 | F48: ='DATA BASE'!L53 -> 79.6 | G48: ='DATA BASE'!M53 -> 42.84 | H48: =G48-D48 -> 2.84
A49: 113M-100 | B49: ='DATA BASE'!H54 -> 100 | C49: ='DATA BASE'!I54 -> 58.2 | D49: ='DATA BASE'!J54 -> 41.8 | E49: ='DATA BASE'!K54 -> 100 | F49: ='DATA BASE'!L54 -> 58.2 | G49: ='DATA BASE'!M54 -> 41.8 | H49: =G49-D49 -> 0
A50: 113M-101 | B50: ='DATA BASE'!H55 -> 0 | C50: ='DATA BASE'!I55 -> 0 | D50: ='DATA BASE'!J55 -> 0 | E50: ='DATA BASE'!K55 -> 30 | F50: ='DATA BASE'!L55 -> 0.8 | G50: ='DATA BASE'!M55 -> 29.76 | H50: =G50-D50 -> 29.76
A51: 113M-103 | B51: ='DATA BASE'!H56 -> 400 | C51: ='DATA BASE'!I56 -> 69.3 | D51: ='DATA BASE'!J56 -> 122.8 | E51: ='DATA BASE'!K56 -> 400 | F51: ='DATA BASE'!L56 -> 95.6 | G51: ='DATA BASE'!M56 -> 17.6 | H51: =G51-D51 -> -105.2
A52: 113M-107 | B52: ='DATA BASE'!H57 -> 60 | C52: ='DATA BASE'!I57 -> 80 | D52: ='DATA BASE'!J57 -> 12 | E52: ='DATA BASE'!K57 -> 60 | F52: ='DATA BASE'!L57 -> 90.7 | G52: ='DATA BASE'!M57 -> 5.58 | H52: =G52-D52 -> -6.42
A53: 113M-109 | B53: ='DATA BASE'!H58 -> 90 | C53: ='DATA BASE'!I58 -> 50 | D53: ='DATA BASE'!J58 -> 45 | E53: ='DATA BASE'!K58 -> 90 | F53: ='DATA BASE'!L58 -> 50.8 | G53: ='DATA BASE'!M58 -> 44.28 | H53: =G53-D53 -> -0.72
... A55: 113M-112 | B55: ='DATA BASE'!H60 -> 140 | C55: ='DATA BASE'!I60 -> 71.6 | D55: ='DATA BASE'!J60 -> 39.76 | E55: ='DATA BASE'!K60 -> 130 | F55: ='DATA BASE'!L60 -> 80.2 | G55: ='DATA BASE'!M60 -> 25.74 | H55: =G55-D55 -> -14.02
A56: 113M-114 | B56: ='DATA BASE'!#REF! -> #REF! | C56: ='DATA BASE'!#REF! -> #REF! | D56: ='DATA BASE'!#REF! -> #REF! | E56: ='DATA BASE'!#REF! -> #REF! | F56: ='DATA BASE'!#REF! -> #REF! | G56: ='DATA BASE'!#REF! -> #REF! | H56: =G56-D56 -> #REF!
A57: 113M-115 | B57: ='DATA BASE'!H61 -> 120 | C57: ='DATA BASE'!I61 -> 90.1 | D57: ='DATA BASE'!J61 -> 11.88 | E57: ='DATA BASE'!K61 -> 120 | F57: ='DATA BASE'!L61 -> 90.1 | G57: ='DATA BASE'!M61 -> 11.88 | H57: =G57-D57 -> 0
B58: =SUM(B33:B57) -> #REF! | D58: =SUM(D33:D57) -> #REF! | E58: =SUM(E33:E57) -> #REF! | G58: =SUM(G33:G57) -> #REF!
A59: Well NO. | B59: REP. RATE , M3/D | C59: REP.W.C % | D59: REP. NET M3/D | E59: ACT , M3/D2 | F59: ACT.W.C % | G59: ACT NET | H59: DIFF NET , M3/D
A60: 113M-116 | B60: ='DATA BASE'!H62 -> 80 | C60: ='DATA BASE'!I62 -> 48.9 | D60: ='DATA BASE'!J62 -> 40.88 | E60: ='DATA BASE'!K62 -> 70 | F60: ='DATA BASE'!L62 -> 96 | G60: ='DATA BASE'!M62 -> 2.8 | H60: =G60-D60 -> -38.08
A61: 113M-117 | B61: ='DATA BASE'!H63 -> 40 | C61: ='DATA BASE'!I63 -> 46.5 | D61: ='DATA BASE'!J63 -> 21.4 | E61: ='DATA BASE'!K63 -> 50 | F61: ='DATA BASE'!L63 -> 42.4 | G61: ='DATA BASE'!M63 -> 28.8 | H61: =G61-D61 -> 7.4
A62: 113M-118 | B62: ='DATA BASE'!H64 -> 90 | C62: ='DATA BASE'!I64 -> 50 | D62: ='DATA BASE'!J64 -> 45 | E62: ='DATA BASE'!K64 -> 150 | F62: ='DATA BASE'!L64 -> 3.2 | G62: ='DATA BASE'!M64 -> 145.2 | H62: =G62-D62 -> 100.2
A63: 113M-119 | B63: ='DATA BASE'!H65 -> 100 | C63: ='DATA BASE'!I65 -> 1.6 | D63: ='DATA BASE'!J65 -> 98.4 | E63: ='DATA BASE'!K65 -> 90 | F63: ='DATA BASE'!L65 -> 7.3 | G63: ='DATA BASE'!M65 -> 83.43 | H63: =G63-D63 -> -14.97
A64: 113M-120 | B64: ='DATA BASE'!H66 -> 200 | C64: ='DATA BASE'!I66 -> 27.8 | D64: ='DATA BASE'!J66 -> 144.4 | E64: ='DATA BASE'!K66 -> 200 | F64: ='DATA BASE'!L66 -> 4.8 | G64: ='DATA BASE'!M66 -> 190.4 | H64: =G64-D64 -> 46
A65: 113M-121 | B65: ='DATA BASE'!H67 -> 100 | C65: ='DATA BASE'!I67 -> 13 | D65: ='DATA BASE'!J67 -> 87 | E65: ='DATA BASE'!K67 -> 115 | F65: ='DATA BASE'!L67 -> 0.8 | G65: ='DATA BASE'!M67 -> 114.08 | H65: =G65-D65 -> 27.08
A66: 113M-122 | B66: ='DATA BASE'!H68 -> 100 | C66: ='DATA BASE'!I68 -> 4 | D66: ='DATA BASE'!J68 -> 96 | E66: ='DATA BASE'!K68 -> 100 | F66: ='DATA BASE'!L68 -> 29.7 | G66: ='DATA BASE'!M68 -> 70.3 | H66: =G66-D66 -> -25.7
A67: 113M-123 | B67: ='DATA BASE'!H69 -> 180 | C67: ='DATA BASE'!I69 -> 7 | D67: ='DATA BASE'!J69 -> 167.4 | E67: ='DATA BASE'!K69 -> 120 | F67: ='DATA BASE'!L69 -> 22.7 | G67: ='DATA BASE'!M69 -> 92.76 | H67: =G67-D67 -> -74.64
A68: 113M-124 | B68: ='DATA BASE'!H70 -> 80 | C68: ='DATA BASE'!I70 -> 8 | D68: ='DATA BASE'!J70 -> 73.6 | E68: ='DATA BASE'!K70 -> 100 | F68: ='DATA BASE'!L70 -> 1.6 | G68: ='DATA BASE'!M70 -> 98.4 | H68: =G68-D68 -> 24.8
A69: 113M-125 | B69: ='DATA BASE'!H71 -> 45 | C69: ='DATA BASE'!I71 -> 5 | D69: ='DATA BASE'!J71 -> 42.75 | E69: ='DATA BASE'!K71 -> 50 | F69: ='DATA BASE'!L71 -> 100 | G69: ='DATA BASE'!M71 -> 0 | H69: =G69-D69 -> -42.75
A70: 113M-126 | B70: ='DATA BASE'!H72 -> 0 | C70: ='DATA BASE'!I72 -> 0 | D70: ='DATA BASE'!J72 -> 0 | E70: ='DATA BASE'!K72 -> 0 | F70: ='DATA BASE'!L72 -> 0 | G70: ='DATA BASE'!M72 -> 0 | H70: =G70-D70 -> 0
A71: 113M-128 | B71: ='DATA BASE'!H73 -> 100 | C71: ='DATA BASE'!I73 -> 18.3 | D71: ='DATA BASE'!J73 -> 81.7 | E71: ='DATA BASE'!K73 -> 100 | F71: ='DATA BASE'!L73 -> 38.5 | G71: ='DATA BASE'!M73 -> 61.5 | H71: =G71-D71 -> -20.2
A72: 113M-129 | B72: ='DATA BASE'!H74 -> 200 | C72: ='DATA BASE'!I74 -> 59.4 | D72: ='DATA BASE'!J74 -> 81.2 | E72: ='DATA BASE'!K74 -> 200 | F72: ='DATA BASE'!L74 -> 57.3 | G72: ='DATA BASE'!M74 -> 85.4 | H72: =G72-D72 -> 4.2
A74: BM-15 RE. | B74: ='DATA BASE'!H75 -> 50 | C74: ='DATA BASE'!I75 -> 75 | D74: ='DATA BASE'!J75 -> 12.5 | E74: ='DATA BASE'!K75 -> 50 | F74: ='DATA BASE'!L75 -> 33.1 | G74: ='DATA BASE'!M75 -> 33.45 | H74: =G74-D74 -> 20.95
A75: BM-17 | B75: ='DATA BASE'!H76 -> 110 | C75: ='DATA BASE'!I76 -> 79 | D75: ='DATA BASE'!J76 -> 23.1 | E75: ='DATA BASE'!K76 -> 120 | F75: ='DATA BASE'!L76 -> 73.7 | G75: ='DATA BASE'!M76 -> 31.56 | H75: =G75-D75 -> 8.46
A76: BM-19 | B76: ='DATA BASE'!H77 -> 0 | C76: ='DATA BASE'!I77 -> 0 | D76: ='DATA BASE'!J77 -> 0 | E76: ='DATA BASE'!K77 -> 0 | F76: ='DATA BASE'!L77 -> 40.9 | G76: ='DATA BASE'!M77 -> 0 | H76: =G76-D76 -> 0
A77: BM-21 | B77: ='DATA BASE'!H78 -> 0 | C77: ='DATA BASE'!I78 -> 68.6 | D77: ='DATA BASE'!J78 -> 0 | E77: ='DATA BASE'!K78 -> 0 | F77: ='DATA BASE'!L78 -> 2.4 | G77: ='DATA BASE'!M78 -> 0 | H77: =G77-D77 -> 0
A78: BM-22 | B78: ='DATA BASE'!H79 -> 50 | C78: ='DATA BASE'!I79 -> 61.9 | D78: ='DATA BASE'!J79 -> 19.05 | E78: ='DATA BASE'!K79 -> 50 | F78: ='DATA BASE'!L79 -> 78.4 | G78: ='DATA BASE'!M79 -> 10.8 | H78: =G78-D78 -> -8.25
A79: BM-23 RE. | B79: ='DATA BASE'!H80 -> 400 | C79: ='DATA BASE'!I80 -> 100 | D79: ='DATA BASE'!J80 -> 0 | E79: ='DATA BASE'!K80 -> 400 | F79: ='DATA BASE'!L80 -> 97.5 | G79: ='DATA BASE'!M80 -> 10 | H79: =G79-D79 -> 10
A80: BM-26 | B80: ='DATA BASE'!H82 -> 60 | C80: ='DATA BASE'!I82 -> 45 | D80: ='DATA BASE'!J82 -> 33 | E80: ='DATA BASE'!K82 -> 60 | F80: ='DATA BASE'!L82 -> 67.9 | G80: ='DATA BASE'!M82 -> 19.26 | H80: =G80-D80 -> -13.74
A81: BM-27 | B81: ='DATA BASE'!H83 -> 0 | C81: ='DATA BASE'!I83 -> 1.2 | D81: ='DATA BASE'!J83 -> 0 | E81: ='DATA BASE'!K83 -> 0 | F81: ='DATA BASE'!L83 -> 37.6 | G81: ='DATA BASE'!M83 -> 0 | H81: =G81-D81 -> 0
A82: BM-29 | B82: ='DATA BASE'!#REF! -> #REF! | C82: ='DATA BASE'!#REF! -> #REF! | D82: ='DATA BASE'!#REF! -> #REF! | E82: ='DATA BASE'!#REF! -> #REF! | F82: ='DATA BASE'!#REF! -> #REF! | G82: ='DATA BASE'!#REF! -> #REF! | H82: =G82-D82 -> #REF!
A83: BM-30 | B83: ='DATA BASE'!H85 -> 0 | C83: ='DATA BASE'!I85 -> 0 | D83: ='DATA BASE'!J85 -> 0 | E83: ='DATA BASE'!K85 -> 0 | F83: ='DATA BASE'!L85 -> 94.3 | G83: ='DATA BASE'!M85 -> 0 | H83: =G83-D83 -> 0
A84: BM-34 | B84: ='DATA BASE'!H86 -> 30 | C84: ='DATA BASE'!I86 -> 64.8 | D84: ='DATA BASE'!J86 -> 10.56 | E84: ='DATA BASE'!K86 -> 30 | F84: ='DATA BASE'!L86 -> 64.8 | G84: ='DATA BASE'!M86 -> 10.56 | H84: =G84-D84 -> 0
A85: BM-36 | B85: ='DATA BASE'!H87 -> 0 | C85: ='DATA BASE'!I87 -> 0 | D85: ='DATA BASE'!J87 -> 0 | E85: ='DATA BASE'!K87 -> 0 | F85: ='DATA BASE'!L87 -> 80 | G85: ='DATA BASE'!M87 -> 0 | H85: =G85-D85 -> 0
A86: BM-39S.T | B86: ='DATA BASE'!H89 -> 50 | C86: ='DATA BASE'!I89 -> 74 | D86: ='DATA BASE'!J89 -> 13 | E86: ='DATA BASE'!K89 -> 50 | F86: ='DATA BASE'!L89 -> 73.1 | G86: ='DATA BASE'!M89 -> 13.45 | H86: =G86-D86 -> 0.45
A87: BM-41 | B87: ='DATA BASE'!H90 -> 0 | C87: ='DATA BASE'!I90 -> 90 | D87: ='DATA BASE'!J90 -> 0 | E87: ='DATA BASE'!K90 -> 0 | F87: ='DATA BASE'!L90 -> 92 | G87: ='DATA BASE'!M90 -> 0 | H87: =G87-D87 -> 0
B88: =SUM(B60:B87) -> #REF! | D88: =SUM(D60:D87) -> #REF! | E88: =SUM(E60:E87) -> #REF! | G88: =SUM(G60:G87) -> #REF!
A89: Well NO. | B89: REP. RATE , M3/D | C89: REP.W.C % | D89: REP. NET M3/D | E89: ACT , M3/D2 | F89: ACT.W.C % | G89: ACT NET | H89: DIFF NET , M3/D
A90: BM-43 | B90: ='DATA BASE'!H91 -> 0 | C90: ='DATA BASE'!I91 -> 0 | D90: ='DATA BASE'!J91 -> 0 | E90: ='DATA BASE'!K91 -> 90 | F90: ='DATA BASE'!L91 -> 82 | G90: ='DATA BASE'!M91 -> 16.2 | H90: =G90-D90 -> 16.2
A91: BM-45
A92: BM-46
A93: BM-49 | B93: ='DATA BASE'!H94 -> 0 | C93: ='DATA BASE'!I94 -> 87 | D93: ='DATA BASE'!J94 -> 0 | E93: ='DATA BASE'!K94 -> 0 | F93: ='DATA BASE'!L94 -> 96 | G93: ='DATA BASE'!M94 -> 0 | H93: =G93-D93 -> 0
A94: BM-51 | B94: ='DATA BASE'!H95 -> 130 | C94: ='DATA BASE'!I95 -> 82 | D94: ='DATA BASE'!J95 -> 23.4 | E94: ='DATA BASE'!K95 -> 130 | F94: ='DATA BASE'!L95 -> 82 | G94: ='DATA BASE'!M95 -> 23.4 | H94: =G94-D94 -> 0
A95: BM-52 | B95: ='DATA BASE'!H96 -> 40 | C95: ='DATA BASE'!I96 -> 41.3 | D95: ='DATA BASE'!J96 -> 23.48 | E95: ='DATA BASE'!K96 -> 40 | F95: ='DATA BASE'!L96 -> 41.3 | G95: ='DATA BASE'!M96 -> 23.48 | H95: =G95-D95 -> 0
A96: BM-57 | B96: ='DATA BASE'!H97 -> 350 | C96: ='DATA BASE'!I97 -> 95 | D96: ='DATA BASE'!J97 -> 17.5 | E96: ='DATA BASE'!K97 -> 335 | F96: ='DATA BASE'!L97 -> 92.7 | G96: ='DATA BASE'!M97 -> 24.455 | H96: =G96-D96 -> 6.955
A97: BM-59 | B97: ='DATA BASE'!H98 -> 0 | C97: ='DATA BASE'!I98 -> 100 | D97: ='DATA BASE'!J98 -> 0 | E97: ='DATA BASE'!K98 -> 0 | F97: ='DATA BASE'!L98 -> 100 | G97: ='DATA BASE'!M98 -> 0 | H97: =G97-D97 -> 0
A98: BM-69 | B98: ='DATA BASE'!H99 -> 0 | C98: ='DATA BASE'!I99 -> 0 | D98: ='DATA BASE'!J99 -> 0 | E98: ='DATA BASE'!K99 -> 0 | F98: ='DATA BASE'!L99 -> 93.8 | G98: ='DATA BASE'!M99 -> 0 | H98: =G98-D98 -> 0
A99: BM-71 | B99: ='DATA BASE'!H101 -> 70 | C99: ='DATA BASE'!I101 -> 85.7 | D99: ='DATA BASE'!J101 -> 10.01 | E99: ='DATA BASE'!K101 -> 70 | F99: ='DATA BASE'!L101 -> 85.7 | G99: ='DATA BASE'!M101 -> 10.01 | H99: =G99-D99 -> 0
A100: BM-72 | B100: ='DATA BASE'!H102 -> 40 | C100: ='DATA BASE'!I102 -> 37 | D100: ='DATA BASE'!J102 -> 25.2 | E100: ='DATA BASE'!K102 -> 40 | F100: ='DATA BASE'!L102 -> 33 | G100: ='DATA BASE'!M102 -> 26.8 | H100: =G100-D100 -> 1.6
A101: BM-73 | B101: ='DATA BASE'!H103 -> 0 | C101: ='DATA BASE'!I103 -> 67.7 | D101: ='DATA BASE'!J103 -> 0 | E101: ='DATA BASE'!K103 -> 0 | F101: ='DATA BASE'!L103 -> 89.3 | G101: ='DATA BASE'!M103 -> 0 | H101: =G101-D101 -> 0
A102: BM-75 | B102: ='DATA BASE'!H104 -> 80 | C102: ='DATA BASE'!I104 -> 1.2 | D102: ='DATA BASE'!J104 -> 79.04 | E102: ='DATA BASE'!K104 -> 40 | F102: ='DATA BASE'!L104 -> 8.1 | G102: ='DATA BASE'!M104 -> 36.76 | H102: =G102-D102 -> -42.28
A103: BM-78 | B103: ='DATA BASE'!H106 -> 100 | C103: ='DATA BASE'!I106 -> 88 | D103: ='DATA BASE'!J106 -> 12 | E103: ='DATA BASE'!K106 -> 100 | F103: ='DATA BASE'!L106 -> 75.4 | G103: ='DATA BASE'!M106 -> 24.6 | H103: =G103-D103 -> 12.6
A104: BM-80 | B104: ='DATA BASE'!H107 -> 0 | C104: ='DATA BASE'!I107 -> 95 | D104: ='DATA BASE'!J107 -> 0 | E104: ='DATA BASE'!K107 -> 0 | F104: ='DATA BASE'!L107 -> 96 | G104: ='DATA BASE'!M107 -> 0 | H104: =G104-D104 -> 0
A105: BM-81 | B105: ='DATA BASE'!H108 -> 100 | C105: ='DATA BASE'!I108 -> 98 | D105: ='DATA BASE'!J108 -> 2 | E105: ='DATA BASE'!K108 -> 100 | F105: ='DATA BASE'!L108 -> 97.6 | G105: ='DATA BASE'!M108 -> 2.4 | H105: =G105-D105 -> 0.4
A106: BM-82 | B106: ='DATA BASE'!H109 -> 80 | C106: ='DATA BASE'!I109 -> 22.1 | D106: ='DATA BASE'!J109 -> 62.32 | E106: ='DATA BASE'!K109 -> 80 | F106: ='DATA BASE'!L109 -> 42.6 | G106: ='DATA BASE'!M109 -> 45.92 | H106: =G106-D106 -> -16.4
A107: BM-85 | B107: ='DATA BASE'!H110 -> 60 | C107: ='DATA BASE'!I110 -> 80 | D107: ='DATA BASE'!J110 -> 12 | E107: ='DATA BASE'!K110 -> 60 | F107: ='DATA BASE'!L110 -> 67.8 | G107: ='DATA BASE'!M110 -> 19.32 | H107: =G107-D107 -> 7.32
A108: BM-86 | B108: ='DATA BASE'!H111 -> 30 | C108: ='DATA BASE'!I111 -> 10 | D108: ='DATA BASE'!J111 -> 27 | E108: ='DATA BASE'!K111 -> 30 | F108: ='DATA BASE'!L111 -> 33.8 | G108: ='DATA BASE'!M111 -> 19.86 | H108: =G108-D108 -> -7.14
A109: BM-88 | B109: ='DATA BASE'!H112 -> 0 | C109: ='DATA BASE'!I112 -> 76.4 | D109: ='DATA BASE'!J112 -> 0 | E109: ='DATA BASE'!K112 -> 0 | F109: ='DATA BASE'!L112 -> 82.1 | G109: ='DATA BASE'!M112 -> 0 | H109: =G109-D109 -> 0
A110: BM-89 | B110: ='DATA BASE'!H113 -> 0 | C110: ='DATA BASE'!I113 -> 92.6 | D110: ='DATA BASE'!J113 -> 0 | E110: ='DATA BASE'!K113 -> 0 | F110: ='DATA BASE'!L113 -> 92.6 | G110: ='DATA BASE'!M113 -> 0 | H110: =G110-D110 -> 0
A111: BM-90 | B111: ='DATA BASE'!H114 -> 80 | C111: ='DATA BASE'!I114 -> 73.6 | D111: ='DATA BASE'!J114 -> 21.12 | E111: ='DATA BASE'!K114 -> 80 | F111: ='DATA BASE'!L114 -> 79.6 | G111: ='DATA BASE'!M114 -> 16.32 | H111: =G111-D111 -> -4.8
A112: BM-91 | B112: ='DATA BASE'!H115 -> 0 | C112: ='DATA BASE'!I115 -> 48 | D112: ='DATA BASE'!J115 -> 0 | E112: ='DATA BASE'!K115 -> 0 | F112: ='DATA BASE'!L115 -> 33.8 | G112: ='DATA BASE'!M115 -> 0 | H112: =G112-D112 -> 0
A113: BM-92 RE. | B113: ='DATA BASE'!H116 -> 70 | C113: ='DATA BASE'!I116 -> 12 | D113: ='DATA BASE'!J116 -> 61.6 | E113: ='DATA BASE'!K116 -> 75 | F113: ='DATA BASE'!L116 -> 12 | G113: ='DATA BASE'!M116 -> 66 | H113: =G113-D113 -> 4.4
A114: BM-93 | B114: ='DATA BASE'!H117 -> 50 | C114: ='DATA BASE'!I117 -> 70 | D114: ='DATA BASE'!J117 -> 15 | E114: ='DATA BASE'!K117 -> 40 | F114: ='DATA BASE'!L117 -> 71.7 | G114: ='DATA BASE'!M117 -> 11.32 | H114: =G114-D114 -> -3.68
... A116: BM-95H | B116: ='DATA BASE'!H119 -> 35 | C116: ='DATA BASE'!I119 -> 10 | D116: ='DATA BASE'!J119 -> 31.5 | E116: ='DATA BASE'!K119 -> 30 | F116: ='DATA BASE'!L119 -> 0.8 | G116: ='DATA BASE'!M119 -> 29.76 | H116: =G116-D116 -> -1.74
...

Sheet PLT. WELL BLANCE
A1: Well NO. | B1: REP. RATE , M3/D | C1: REP.W.C % | D1: REP. NET M3/D | E1: ACT , M3/D2 | F1: ACT.W.C % | G1: ACT NET | H1: DIFF NET , M3/D | I1: PLATF. | K1: GAS MMS CF/D
A2: 113M-01 RE. | B2: ='DATA BASE'!H8 -> 75 | C2: ='DATA BASE'!I8 -> 66 | D2: ='DATA BASE'!J8 -> 25.5 | E2: ='DATA BASE'!K8 -> 85 | F2: ='DATA BASE'!L8 -> 68.6 | G2: ='DATA BASE'!M8 -> 26.69 | H2: =G2-D2 -> 1.19 | I2: M1 | K2: ='DATA BASE'!$O$8 -> 0.06
A3: 113M-77 H | B3: ='DATA BASE'!H38 -> 170 | C3: ='DATA BASE'!I38 -> 85 | D3: ='DATA BASE'!J38 -> 25.5 | E3: ='DATA BASE'!K38 -> 170 | F3: ='DATA BASE'!L38 -> 85.4 | G3: ='DATA BASE'!M38 -> 24.82 | H3: =G3-D3 -> -0.68 | I3: M1 | K3: ='DATA BASE'!$O$38 -> 0.04
A4: 113M-94 | B4: ='DATA BASE'!H50 -> 0 | C4: ='DATA BASE'!I50 -> 80 | D4: ='DATA BASE'!J50 -> 0 | E4: ='DATA BASE'!K50 -> 0 | F4: ='DATA BASE'!L50 -> 76.7 | G4: ='DATA BASE'!M50 -> 0 | H4: =G4-D4 -> 0 | I4: M1 | K4: ='DATA BASE'!$O$50 -> 0.03
A5: 113M-120 | B5: ='DATA BASE'!H66 -> 200 | C5: ='DATA BASE'!I66 -> 27.8 | D5: ='DATA BASE'!J66 -> 144.4 | E5: ='DATA BASE'!K66 -> 200 | F5: ='DATA BASE'!L66 -> 4.8 | G5: ='DATA BASE'!M66 -> 190.4 | H5: =G5-D5 -> 46 | I5: M1 | K5: ='DATA BASE'!$O$66 -> 0
A6: 113M-126 | B6: ='DATA BASE'!H72 -> 0 | C6: ='DATA BASE'!I72 -> 0 | D6: ='DATA BASE'!J72 -> 0 | E6: ='DATA BASE'!K72 -> 0 | F6: ='DATA BASE'!L72 -> 0 | G6: ='DATA BASE'!M72 -> 0
A7: TOTAL | B7: =SUM(B2:B6) -> 445 | D7: =SUM(D2:D6) -> 195.4 | E7: =SUM(E2:E6) -> 455 | G7: =SUM(G2:G6) -> 241.91 | H7: =SUM(H2:H6) -> 46.51 | K7: =SUM(K2:K5) -> 0.13
A8: 113M-02 | B8: ='DATA BASE'!H9 -> 80 | C8: ='DATA BASE'!I9 -> 79.6 | D8: ='DATA BASE'!J9 -> 16.32 | E8: ='DATA BASE'!K9 -> 80 | F8: ='DATA BASE'!L9 -> 0.8 | G8: ='DATA BASE'!M9 -> 79.36 | H8: =G8-D8 -> 63.04 | I8: M-2 | K8: ='DATA BASE'!$O$9 -> 0.11
A9: 113M-46 | B9: ='DATA BASE'!H21 -> 200 | C9: ='DATA BASE'!I21 -> 95 | D9: ='DATA BASE'!J21 -> 10 | E9: ='DATA BASE'!K21 -> 185 | F9: ='DATA BASE'!L21 -> 93.3 | G9: ='DATA BASE'!M21 -> 12.395 | H9: =G9-D9 -> 2.395 | I9: M-2 | K9: ='DATA BASE'!$O$21 -> 0.11
A10: 113M-67 | B10: ='DATA BASE'!H31 -> 0 | C10: ='DATA BASE'!I31 -> 97 | D10: ='DATA BASE'!J31 -> 0 | E10: ='DATA BASE'!K31 -> 0 | F10: ='DATA BASE'!L31 -> 92.7 | G10: ='DATA BASE'!M31 -> 0 | H10: =G10-D10 -> 0 | I10: M-2 | K10: ='DATA BASE'!$O$31 -> 0
A11: 113M-84 | B11: ='DATA BASE'!H45 -> 550 | C11: ='DATA BASE'!I45 -> 26.2 | D11: ='DATA BASE'!J45 -> 405.9 | E11: ='DATA BASE'!K45 -> 545 | F11: ='DATA BASE'!L45 -> 96 | G11: ='DATA BASE'!M45 -> 21.8 | H11: =G11-D11 -> -384.1 | I11: M-2 | K11: ='DATA BASE'!$O$45 -> 0.38
A12: TOTAL | B12: =SUM(B8:B11) -> 830 | D12: =SUM(D8:D11) -> 432.22 | E12: =SUM(E8:E11) -> 810 | G12: =SUM(G8:G11) -> 113.555 | H12: =SUM(H8:H11) -> -318.665 | K12: =SUM(K8:K11) -> 0.6
A13: 113M-03 | B13: ='DATA BASE'!H10 -> 0 | C13: ='DATA BASE'!I10 -> 0 | D13: ='DATA BASE'!J10 -> 0 | E13: ='DATA BASE'!K10 -> 50 | F13: ='DATA BASE'!L10 -> 57.3 | G13: ='DATA BASE'!M10 -> 21.35 | H13: =G13-D13 -> 21.35 | I13: M-3
A14: BM-101 | B14: ='DATA BASE'!H121 -> 0 | C14: ='DATA BASE'!I121 -> 74.3 | D14: ='DATA BASE'!J121 -> 0 | E14: ='DATA BASE'!K121 -> 120 | F14: ='DATA BASE'!L121 -> 42.9 | G14: ='DATA BASE'!M121 -> 68.52 | H14: =G14-D14 -> 68.52 | K14: ='DATA BASE'!$O$121 -> 0
A15: BM-104 | B15: ='DATA BASE'!H124 -> 0 | C15: ='DATA BASE'!I124 -> 20 | D15: ='DATA BASE'!J124 -> 0 | E15: ='DATA BASE'!K124 -> 120 | F15: ='DATA BASE'!L124 -> 66.9 | G15: ='DATA BASE'!M124 -> 39.72 | H15: =G15-D15 -> 39.72 | K15: ='DATA BASE'!$O$124 -> 0
A16: TOTAL | B16: =SUM(B14:B15) -> 0 | D16: =SUM(D14:D15) -> 0 | E16: =SUM(E13:E15) -> 290 | G16: =SUM(G13:G15) -> 129.59 | H16: =SUM(H13:H15) -> 129.59 | K16: =SUM(K14:K15) -> 0
A17: 113M-04 | B17: ='DATA BASE'!H11 -> 90 | C17: ='DATA BASE'!I11 -> 93.6 | D17: ='DATA BASE'!J11 -> 5.76 | E17: ='DATA BASE'!K11 -> 80 | F17: ='DATA BASE'!L11 -> 97.7 | G17: ='DATA BASE'!M11 -> 1.84 | H17: =G17-D17 -> -3.92 | I17: M-4 | K17: ='DATA BASE'!$O$11 -> 0.05
A18: 113M-70 | B18: ='DATA BASE'!H33 -> 100 | C18: ='DATA BASE'!I33 -> 80 | D18: ='DATA BASE'!J33 -> 20 | E18: ='DATA BASE'!K33 -> 75 | F18: ='DATA BASE'!L33 -> 66.9 | G18: ='DATA BASE'!M33 -> 24.825 | H18: =G18-D18 -> 4.825 | I18: M-4 | K18: ='DATA BASE'!$O$33 -> 0.14
A19: 113M-81 | B19: ='DATA BASE'!H42 -> 140 | C19: ='DATA BASE'!I42 -> 86 | D19: ='DATA BASE'!J42 -> 19.6 | E19: ='DATA BASE'!K42 -> 115 | F19: ='DATA BASE'!L42 -> 88.9 | G19: ='DATA BASE'!M42 -> 12.765 | H19: =G19-D19 -> -6.835 | I19: M-4 | K19: ='DATA BASE'!O42 -> 0.14
A20: 113M-82 | B20: ='DATA BASE'!H43 -> 90 | C20: ='DATA BASE'!I43 -> 51 | D20: ='DATA BASE'!J43 -> 44.1 | E20: ='DATA BASE'!K43 -> 80 | F20: ='DATA BASE'!L43 -> 58.5 | G20: ='DATA BASE'!M43 -> 33.2 | H20: =G20-D20 -> -10.9 | I20: M-4 | K20: ='DATA BASE'!O43 -> 0.15
A21: 113M-83 | B21: ='DATA BASE'!H44 -> 0 | C21: ='DATA BASE'!I44 -> 94.6 | D21: ='DATA BASE'!J44 -> 0 | E21: ='DATA BASE'!K44 -> 0 | F21: ='DATA BASE'!L44 -> 92.5 | G21: ='DATA BASE'!M44 -> 0 | H21: =G21-D21 -> 0 | I21: M-4 | K21: ='DATA BASE'!O44 -> 0
A22: BM-112 | B22: ='DATA BASE'!H127 -> 70 | C22: ='DATA BASE'!I127 -> 50 | D22: ='DATA BASE'!J127 -> 35 | E22: ='DATA BASE'!K127 -> 60 | F22: ='DATA BASE'!L127 -> 39 | G22: ='DATA BASE'!M127 -> 36.6 | H22: =G22-D22 -> 1.6 | I22: M-4 | K22: ='DATA BASE'!$O$127 -> 0.14
A23: TOTAL | B23: =SUM(B17:B22) -> 490 | D23: =SUM(D17:D22) -> 124.46 | E23: =SUM(E17:E22) -> 410 | G23: =SUM(G17:G22) -> 109.23 | H23: =SUM(H21:H22) -> 1.6 | K23: =SUM(K17:K22) -> 0.62
A24: Well NO. | B24: REP. RATE , M3/D | C24: REP.W.C % | D24: REP. NET M3/D | E24: ACT , M3/D2 | F24: ACT.W.C % | G24: ACT NET | H24: DIFF NET , M3/D | I24: PLATF.
A25: 113M-86 | B25: ='DATA BASE'!H47 -> 60 | C25: ='DATA BASE'!I47 -> 30 | D25: ='DATA BASE'!J47 -> 42 | E25: ='DATA BASE'!K47 -> 60 | F25: ='DATA BASE'!L47 -> 40.9 | G25: ='DATA BASE'!M47 -> 35.46 | H25: =G25-D25 -> -6.54 | I25: M-6 | K25: ='DATA BASE'!$O$47 -> 0.19
A26: 113M-86 | B26: ='DATA BASE'!H46 -> 0 | C26: ='DATA BASE'!I46 -> 0 | D26: ='DATA BASE'!J46 -> 0 | E26: ='DATA BASE'!K46 -> 0 | F26: ='DATA BASE'!L46 -> 0 | G26: ='DATA BASE'!M46 -> 0 | H26: ='DATA BASE'!N46 -> 0
A27: 113M-116 | B27: ='DATA BASE'!H62 -> 80 | C27: ='DATA BASE'!I62 -> 48.9 | D27: ='DATA BASE'!J62 -> 40.88 | E27: ='DATA BASE'!K62 -> 70 | F27: ='DATA BASE'!L62 -> 96 | G27: ='DATA BASE'!M62 -> 2.8 | H27: =G27-D27 -> -38.08 | I27: M-6 | K27: ='DATA BASE'!$O$62 -> 0.43
A28: TOTAL | B28: =SUM(B25:B27) -> 140 | D28: =SUM(D25:D27) -> 82.88 | E28: =SUM(E25:E27) -> 130 | G28: =SUM(G25:G27) -> 38.26 | H28: =SUM(H25:H27) -> -44.62 | K28: =SUM(K25:K27) -> 0.62
A29: 113M-59 | B29: ='DATA BASE'!H28 -> 170 | C29: ='DATA BASE'!I28 -> 90.8 | D29: ='DATA BASE'!J28 -> 15.64 | E29: ='DATA BASE'!K28 -> 170 | F29: ='DATA BASE'!L28 -> 82.9 | G29: ='DATA BASE'!M28 -> 29.07 | H29: =G29-D29 -> 13.43 | I29: M-7 | K29: ='DATA BASE'!$O$28 -> 0.025
A30: 113M-79 | B30: ='DATA BASE'!H40 -> 50 | C30: ='DATA BASE'!I40 -> 53.2 | D30: ='DATA BASE'!J40 -> 23.4 | E30: ='DATA BASE'!K40 -> 50 | F30: ='DATA BASE'!L40 -> 82.2 | G30: ='DATA BASE'!M40 -> 8.9 | H30: =G30-D30 -> -14.5 | I30: M-7 | K30: ='DATA BASE'!$O$40 -> 0.019
A31: 113M-91 | B31: ='DATA BASE'!H49 -> 0 | C31: ='DATA BASE'!I49 -> 71.2 | D31: ='DATA BASE'!J49 -> 0 | E31: ='DATA BASE'!K49 -> 0 | F31: ='DATA BASE'!L49 -> 71.2 | G31: ='DATA BASE'!M49 -> 0 | H31: =G31-D31 -> 0 | I31: M-7 | K31: ='DATA BASE'!$O$49 -> 0.19
A32: 113M-101 | B32: ='DATA BASE'!H55 -> 0 | C32: ='DATA BASE'!I55 -> 0 | D32: ='DATA BASE'!J55 -> 0 | E32: ='DATA BASE'!K55 -> 30 | F32: ='DATA BASE'!L55 -> 0.8 | G32: ='DATA BASE'!M55 -> 29.76 | H32: =G32-D32 -> 29.76 | I32: M-7 | K32: ='DATA BASE'!$O$55 -> 0.03
A33: 113M-117 | B33: ='DATA BASE'!H63 -> 40 | C33: ='DATA BASE'!I63 -> 46.5 | D33: ='DATA BASE'!J63 -> 21.4 | E33: ='DATA BASE'!K63 -> 50 | F33: ='DATA BASE'!L63 -> 42.4 | G33: ='DATA BASE'!M63 -> 28.8 | H33: =G33-D33 -> 7.4 | I33: M-7 | K33: ='DATA BASE'!$O$63 -> 0.81
A34: 113M-123 | B34: ='DATA BASE'!H69 -> 180 | C34: ='DATA BASE'!I69 -> 7 | D34: ='DATA BASE'!J69 -> 167.4 | E34: ='DATA BASE'!K69 -> 120 | F34: ='DATA BASE'!L69 -> 22.7 | G34: ='DATA BASE'!M69 -> 92.76 | H34: =G34-D34 -> -74.64 | I34: M-7 | K34: ='DATA BASE'!$O$69 -> 0.35
A35: TOTAL | B35: =SUM(B29:B34) -> 440 | D35: =SUM(D29:D34) -> 227.84 | E35: =SUM(E29:E34) -> 420 | G35: =SUM(G29:G34) -> 189.29 | H35: =SUM(H33:H34) -> -67.24 | K35: =SUM(K29:K34) -> 1.424
A36: 113M-08 BIS | B36: ='DATA BASE'!H12 -> 150 | C36: ='DATA BASE'!I12 -> 73.2 | D36: ='DATA BASE'!J12 -> 40.2 | E36: ='DATA BASE'!K12 -> 130 | F36: ='DATA BASE'!L12 -> 87.2 | G36: ='DATA BASE'!M12 -> 16.64 | H36: =G36-D36 -> -23.56 | I36: M-8 | K36: 0.32
A37: 113M-71 | B37: ='DATA BASE'!H34 -> 0 | C37: ='DATA BASE'!I34 -> 87 | D37: ='DATA BASE'!J34 -> 0 | E37: ='DATA BASE'!K34 -> 0 | F37: ='DATA BASE'!L34 -> 91.4 | G37: ='DATA BASE'!M34 -> 0 | H37: =G37-D37 -> 0 | I37: M-8 | K37: 0.03
A38: 113M-78 | B38: ='DATA BASE'!H39 -> 80 | C38: ='DATA BASE'!I39 -> 46 | D38: ='DATA BASE'!J39 -> 43.2 | E38: ='DATA BASE'!K39 -> 70 | F38: ='DATA BASE'!L39 -> 68.8 | G38: ='DATA BASE'!M39 -> 21.84 | H38: =G38-D38 -> -21.36 | I38: M-8 | K38: 0.08
A39: 113M-100 | B39: ='DATA BASE'!H54 -> 100 | C39: ='DATA BASE'!I54 -> 58.2 | D39: ='DATA BASE'!J54 -> 41.8 | E39: ='DATA BASE'!K54 -> 100 | F39: ='DATA BASE'!L54 -> 58.2 | G39: ='DATA BASE'!M54 -> 41.8 | H39: =G39-D39 -> 0 | I39: M-8 | K39: 0.14
A40: 113M-107 | B40: ='DATA BASE'!H57 -> 60 | C40: ='DATA BASE'!I57 -> 80 | D40: ='DATA BASE'!J57 -> 12 | E40: ='DATA BASE'!K57 -> 60 | F40: ='DATA BASE'!L57 -> 90.7 | G40: ='DATA BASE'!M57 -> 5.58 | H40: =G40-D40 -> -6.42 | I40: M-8 | K40: 0.19
A41: 113M-109 | B41: ='DATA BASE'!H58 -> 90 | C41: ='DATA BASE'!I58 -> 50 | D41: ='DATA BASE'!J58 -> 45 | E41: ='DATA BASE'!K58 -> 90 | F41: ='DATA BASE'!L58 -> 50.8 | G41: ='DATA BASE'!M58 -> 44.28 | H41: =G41-D41 -> -0.72 | I41: M-8 | K41: 0.22
A42: 113M-110 | B42: ='DATA BASE'!H59 -> 0 | C42: ='DATA BASE'!I59 -> 94.6 | D42: ='DATA BASE'!J59 -> 0 | E42: ='DATA BASE'!K59 -> 0 | F42: ='DATA BASE'!L59 -> 93.7 | G42: ='DATA BASE'!M59 -> 0 | H42: =G42-D42 -> 0 | I42: M-8 | K42: 0
A43: 113M-124 | B43: ='DATA BASE'!H70 -> 80 | C43: ='DATA BASE'!I70 -> 8 | D43: ='DATA BASE'!J70 -> 73.6 | E43: ='DATA BASE'!K70 -> 100 | F43: ='DATA BASE'!L70 -> 1.6 | G43: ='DATA BASE'!M70 -> 98.4 | H43: =G43-D43 -> 24.8 | I43: M-8 | K43: 0.35
A44: TOTAL | B44: =SUM(B36:B43) -> 560 | D44: =SUM(D36:D43) -> 255.8 | E44: =SUM(E36:E43) -> 550 | G44: =SUM(G36:G43) -> 228.54 | H44: =SUM(H42:H43) -> 24.8 | K44: =SUM(K36:K43) -> 1.33
A45: 113M-99 | B45: ='DATA BASE'!H53 -> 250 | C45: ='DATA BASE'!I53 -> 84 | D45: ='DATA BASE'!J53 -> 40 | E45: ='DATA BASE'!K53 -> 210 | F45: ='DATA BASE'!L53 -> 79.6 | G45: ='DATA BASE'!M53 -> 42.84 | H45: =G45-D45 -> 2.84 | I45: M-10 | K45: 0.14
A46: TOTAL | B46: =SUM(B45) -> 250 | D46: =SUM(D45:D45) -> 40 | E46: =SUM(E45) -> 210 | G46: =SUM(G45) -> 42.84 | H46: =SUM(H45) -> 2.84 | K46: =SUM(K45) -> 0.14
A47: Well NO. | B47: REP. RATE , M3/D | C47: REP.W.C % | D47: REP. NET M3/D | E47: ACT , M3/D2 | F47: ACT.W.C % | G47: ACT NET | H47: DIFF NET , M3/D | I47: PLATF.
A48: 113M-18 | B48: ='DATA BASE'!H13 -> 400 | C48: ='DATA BASE'!I13 -> 84.2 | D48: ='DATA BASE'!J13 -> 63.2 | E48: ='DATA BASE'!K13 -> 400 | F48: ='DATA BASE'!L13 -> 85.6 | G48: ='DATA BASE'!M13 -> 57.6 | H48: =G48-D48 -> -5.6 | I48: CL 18/20 | K48: ='DATA BASE'!$O$13 -> 0.26
A49: 113-M65 | B49: ='DATA BASE'!H29 -> 0 | C49: ='DATA BASE'!I29 -> 95 | D49: ='DATA BASE'!J29 -> 0 | E49: ='DATA BASE'!K29 -> 0 | F49: ='DATA BASE'!L29 -> 92 | G49: ='DATA BASE'!M29 -> 0 | H49: =G49-D49 -> 0 | I49: CL 18/20 | K49: ='DATA BASE'!O29 -> 0
A50: 113M-66 | B50: ='DATA BASE'!H30 -> 150 | C50: ='DATA BASE'!I30 -> 90 | D50: ='DATA BASE'!J30 -> 15 | E50: ='DATA BASE'!K30 -> 140 | F50: ='DATA BASE'!L30 -> 98 | G50: ='DATA BASE'!M30 -> 2.8 | H50: =G50-D50 -> -12.2 | I50: CL 18/20 | K50: ='DATA BASE'!O30 -> 0.06
A51: 113M-74 | B51: ='DATA BASE'!H36 -> 150 | C51: ='DATA BASE'!I36 -> 80 | D51: ='DATA BASE'!J36 -> 30 | E51: ='DATA BASE'!K36 -> 180 | F51: ='DATA BASE'!L36 -> 69.6 | G51: ='DATA BASE'!M36 -> 54.72 | H51: =G51-D51 -> 24.72 | I51: CL 18/20 | K51: ='DATA BASE'!$O$36 -> 0.08
A52: 113M-80 | B52: ='DATA BASE'!H41 -> 90 | C52: ='DATA BASE'!I41 -> 50.7 | D52: ='DATA BASE'!J41 -> 44.37 | E52: ='DATA BASE'!K41 -> 100 | F52: ='DATA BASE'!L41 -> 65.5 | G52: ='DATA BASE'!M41 -> 34.5 | H52: =G52-D52 -> -9.87 | I52: CL 18/20 | K52: ='DATA BASE'!$O$41 -> 0.012
A53: 113M-87 | B53: ='DATA BASE'!H48 -> 0 | C53: ='DATA BASE'!I48 -> 0 | D53: ='DATA BASE'!J48 -> 0 | E53: ='DATA BASE'!K48 -> 80 | F53: ='DATA BASE'!L48 -> 77.2 | G53: ='DATA BASE'!M48 -> 18.24 | H53: =G53-D53 -> 18.24 | I53: CL 18/20 | K53: ='DATA BASE'!$O$48 -> 0
A54: 113M-96 | B54: ='DATA BASE'!H51 -> 0 | C54: ='DATA BASE'!I51 -> 0 | D54: ='DATA BASE'!J51 -> 0 | E54: ='DATA BASE'!K51 -> 140 | F54: ='DATA BASE'!L51 -> 92 | G54: ='DATA BASE'!M51 -> 11.2 | H54: =G54-D54 -> 11.2 | I54: CL 18/20 | K54: ='DATA BASE'!O51 -> 0
A55: 113M-97 | B55: ='DATA BASE'!H52 -> 50 | C55: ='DATA BASE'!I52 -> 50 | D55: ='DATA BASE'!J52 -> 25 | E55: ='DATA BASE'!K52 -> 50 | F55: ='DATA BASE'!L52 -> 50 | G55: ='DATA BASE'!M52 -> 25 | H55: =G55-D55 -> 0 | I55: CL 18/20 | K55: ='DATA BASE'!O52 -> 0.06
A56: 113M-118 | B56: ='DATA BASE'!H64 -> 90 | C56: ='DATA BASE'!I64 -> 50 | D56: ='DATA BASE'!J64 -> 45 | E56: ='DATA BASE'!K64 -> 150 | F56: ='DATA BASE'!L64 -> 3.2 | G56: ='DATA BASE'!M64 -> 145.2 | H56: =G56-D56 -> 100.2 | I56: CL 18/20 | K56: ='DATA BASE'!O64 -> 0.4
A57: 113M-119 | B57: ='DATA BASE'!H65 -> 100 | C57: ='DATA BASE'!I65 -> 1.6 | D57: ='DATA BASE'!J65 -> 98.4 | E57: ='DATA BASE'!K65 -> 90 | F57: ='DATA BASE'!L65 -> 7.3 | G57: ='DATA BASE'!M65 -> 83.43 | H57: =G57-D57 -> -14.97 | I57: CL 18/20 | K57: ='DATA BASE'!O65 -> 0.42
A58: 113M-125 | B58: ='DATA BASE'!H71 -> 45 | C58: ='DATA BASE'!I71 -> 5 | D58: ='DATA BASE'!J71 -> 42.75 | E58: ='DATA BASE'!K71 -> 50 | F58: ='DATA BASE'!L71 -> 100 | G58: ='DATA BASE'!M71 -> 0 | H58: =G58-D58 -> -42.75 | I58: CL 18/20 | K58: ='DATA BASE'!$O$71 -> 0.35
A59: ='DATA BASE'!$A$73 -> 113M-128 | B59: ='DATA BASE'!H73 -> 100 | C59: ='DATA BASE'!I73 -> 18.3 | D59: ='DATA BASE'!J73 -> 81.7 | E59: ='DATA BASE'!K73 -> 100 | F59: ='DATA BASE'!L73 -> 38.5 | G59: ='DATA BASE'!M73 -> 61.5 | H59: =G59-D59 -> -20.2 | I59: CL 18/20
A60: TOTAL | B60: =SUM(B48:B59) -> 1175 | D60: =SUM(D48:D59) -> 445.42 | E60: =SUM(E48:E59) -> 1480 | G60: =SUM(G48:G59) -> 494.19 | H60: =SUM(H48:H58) -> 68.97 | K60: =SUM(K48:K58) -> 1.642
A61: 113M-26 | B61: ='DATA BASE'!H14 -> 80 | C61: ='DATA BASE'!I14 -> 93.6 | D61: ='DATA BASE'!J14 -> 5.12 | E61: ='DATA BASE'!K14 -> 0 | F61: ='DATA BASE'!L14 -> 88 | G61: ='DATA BASE'!M14 -> 0 | H61: =G61-D61 -> -5.12 | I61: M-26 | K61: ='DATA BASE'!$O$14 -> 0.03
A62: 113M-121 | B62: ='DATA BASE'!H67 -> 100 | C62: ='DATA BASE'!I67 -> 13 | D62: ='DATA BASE'!J67 -> 87 | E62: ='DATA BASE'!K67 -> 115 | F62: ='DATA BASE'!L67 -> 0.8 | G62: ='DATA BASE'!M67 -> 114.08 | H62: =G62-D62 -> 27.08 | I62: M-26 | K62: ='DATA BASE'!$O$67 -> 0.34
A63: ='DATA BASE'!$A$74 -> 113M-129 | B63: ='DATA BASE'!H74 -> 200 | C63: ='DATA BASE'!I74 -> 59.4 | D63: ='DATA BASE'!J74 -> 81.2 | E63: ='DATA BASE'!K74 -> 200 | F63: ='DATA BASE'!L74 -> 57.3 | G63: ='DATA BASE'!M74 -> 85.4 | H63: =G63-D63 -> 4.2 | I63: M-26
A64: TOTAL | B64: =SUM(B61:B63) -> 380 | D64: =SUM(D61:D63) -> 173.32 | E64: =SUM(E61:E63) -> 315 | G64: =SUM(G61:G63) -> 199.48 | H64: =SUM(H61:H62) -> 21.96 | K64: =SUM(K61:K62) -> 0.37
A65: 113M-35 | B65: ='DATA BASE'!H17 -> 0 | C65: ='DATA BASE'!I17 -> 80 | D65: ='DATA BASE'!J17 -> 0 | E65: ='DATA BASE'!K17 -> 200 | F65: ='DATA BASE'!L17 -> 97.2 | G65: ='DATA BASE'!M17 -> 5.6 | H65: =G65-D65 -> 5.6 | I65: M-35 | K65: ='DATA BASE'!O17 -> 0
A66: 113M-40 | B66: ='DATA BASE'!H18 -> 0 | C66: ='DATA BASE'!I18 -> 0 | D66: ='DATA BASE'!J18 -> 0 | E66: ='DATA BASE'!K18 -> 0 | F66: ='DATA BASE'!L18 -> 0 | G66: ='DATA BASE'!M18 -> 0 | H66: =G66-D66 -> 0 | I66: M-35 | K66: ='DATA BASE'!O18 -> 0
A67: TOTAL | B67: =SUM(B65:B66) -> 0 | D67: =SUM(D65:D66) -> 0 | E67: =SUM(E65:E66) -> 200 | G67: =SUM(G65:G66) -> 5.6 | H67: =SUM(H65:H66) -> 5.6 | K67: =SUM(K65:K66) -> 0
A68: 113M-72 | B68: ='DATA BASE'!H35 -> 0 | C68: ='DATA BASE'!I35 -> 0 | D68: ='DATA BASE'!J35 -> 0 | E68: ='DATA BASE'!K35 -> 35 | F68: ='DATA BASE'!L35 -> 67.8 | G68: ='DATA BASE'!M35 -> 11.27 | H68: =G68-D68 -> 11.27 | I68: CL-12 | K68: ='DATA BASE'!$O$35 -> 0
A69: TOTAL | B69: =SUM(B68) -> 0 | D69: =SUM(D68) -> 0 | E69: =SUM(E68) -> 35 | G69: =SUM(G68) -> 11.27 | H69: =SUM(H68) -> 11.27 | K69: =SUM(K68) -> 0
A70: Well NO. | B70: REP. RATE , M3/D | C70: REP.W.C % | D70: REP. NET M3/D | E70: ACT , M3/D2 | F70: ACT.W.C % | G70: ACT NET | H70: DIFF NET , M3/D | I70: PLATF.
A71: 113M-68 ST | B71: ='DATA BASE'!H32 -> 0 | C71: ='DATA BASE'!I32 -> 98 | D71: ='DATA BASE'!J32 -> 0 | E71: ='DATA BASE'!K32 -> 0 | F71: ='DATA BASE'!L32 -> 96 | G71: ='DATA BASE'!M32 -> 0 | H71: =G71-D71 -> 0 | I71: BM-1 | K71: ='DATA BASE'!$O$32 -> 0
A72: BM-39S.T | B72: ='DATA BASE'!H89 -> 50 | C72: ='DATA BASE'!I89 -> 74 | D72: ='DATA BASE'!J89 -> 13 | E72: ='DATA BASE'!K89 -> 50 | F72: ='DATA BASE'!L89 -> 73.1 | G72: ='DATA BASE'!M89 -> 13.45 | H72: =G72-D72 -> 0.45 | I72: BM-1 | K72: ='DATA BASE'!$O$89 -> 0.22
A73: BM-59 | B73: ='DATA BASE'!H98 -> 0 | C73: ='DATA BASE'!I98 -> 100 | D73: ='DATA BASE'!J98 -> 0 | E73: ='DATA BASE'!K98 -> 0 | F73: ='DATA BASE'!L98 -> 100 | G73: ='DATA BASE'!M98 -> 0 | H73: =G73-D73 -> 0 | I73: BM-1 | K73: ='DATA BASE'!$O$98 -> 0
A74: BM-88 | B74: ='DATA BASE'!H112 -> 0 | C74: ='DATA BASE'!I112 -> 76.4 | D74: ='DATA BASE'!J112 -> 0 | E74: ='DATA BASE'!K112 -> 0 | F74: ='DATA BASE'!L112 -> 82.1 | G74: ='DATA BASE'!M112 -> 0 | H74: =G74-D74 -> 0 | I74: BM-1 | K74: ='DATA BASE'!$O$112 -> 0
A75: BM-91 | B75: ='DATA BASE'!H115 -> 0 | C75: ='DATA BASE'!I115 -> 48 | D75: ='DATA BASE'!J115 -> 0 | E75: ='DATA BASE'!K115 -> 0 | F75: ='DATA BASE'!L115 -> 33.8 | G75: ='DATA BASE'!M115 -> 0 | H75: =G75-D75 -> 0 | I75: BM-1 | K75: ='DATA BASE'!$O$115 -> 0
A76: ='DATA BASE'!$A$141 -> BM-133 | B76: ='DATA BASE'!H141 -> 250 | C76: ='DATA BASE'!I141 -> 0.4 | D76: ='DATA BASE'!J141 -> 249 | E76: ='DATA BASE'!K141 -> 260 | F76: ='DATA BASE'!L141 -> 0.4 | G76: ='DATA BASE'!M141 -> 258.96 | H76: =G76-D76 -> 9.96
A77: TOTAL | B77: =SUM(B71:B76) -> 300 | D77: =SUM(D71:D76) -> 262 | E77: =SUM(E71:E76) -> 310 | G77: =SUM(G71:G76) -> 272.41 | H77: =SUM(H75) -> 0 | K77: =SUM(K71:K75) -> 0.22
A78: 113M-112 | B78: 140 | C78: 71.6 | D78: 39.76 | E78: 130 | F78: 80.2 | G78: 25.74 | H78: =G78-D78 -> -14.02 | I78: BM-3 | K78: ='DATA BASE'!$O$60 -> 0.34
A79: BM-52 | B79: 40 | C79: 41.3 | D79: 23.48 | E79: 40 | F79: 41.3 | G79: 23.48 | H79: =G79-D79 -> 0 | I79: BM-3 | K79: ='DATA BASE'!$O$96 -> 0.11
A80: BM-120 | B80: 80 | C80: 12 | D80: 70.4 | E80: 80 | F80: 0.8 | G80: 79.36 | H80: =G80-D80 -> 8.96 | I80: BM-3 | K80: ='DATA BASE'!$O$132 -> 0.6
A81: ='DATA BASE'!$A$88 -> BM-37 | B81: ='DATA BASE'!H88 -> 30 | C81: ='DATA BASE'!I88 -> 16.8 | D81: ='DATA BASE'!J88 -> 24.96 | E81: ='DATA BASE'!K88 -> 50 | F81: ='DATA BASE'!L88 -> 50.8 | G81: ='DATA BASE'!M88 -> 24.6 | H81: =G81-D81 -> -0.36 | I81: BM-3
A82: TOTAL | B82: =SUM(B78:B81) -> 290 | D82: =SUM(D78:D81) -> 158.6 | E82: =SUM(E78:E81) -> 300 | G82: =SUM(G78:G81) -> 153.18 | H82: =SUM(H78:H81) -> -5.42 | K82: =SUM(K78:K80) -> 1.05
A83: BM-94 | B83: ='DATA BASE'!H118 -> 40 | C83: ='DATA BASE'!I118 -> 18 | D83: ='DATA BASE'!J118 -> 32.8 | E83: ='DATA BASE'!K118 -> 40 | F83: ='DATA BASE'!L118 -> 71.7 | G83: ='DATA BASE'!M118 -> 11.32 | H83: =G83-D83 -> -21.48 | I83: BM-6 | K83: ='DATA BASE'!$O$118 -> 0.1
A84: BM-102 | B84: ='DATA BASE'!H122 -> 50 | C84: ='DATA BASE'!I122 -> 85.2 | D84: ='DATA BASE'!J122 -> 7.4 | E84: ='DATA BASE'!K122 -> 60 | F84: ='DATA BASE'!L122 -> 76.4 | G84: ='DATA BASE'!M122 -> 14.16 | H84: =G84-D84 -> 6.76 | I84: BM-6 | K84: ='DATA BASE'!$O$122 -> 0.3
A85: ='DATA BASE'!$A$123 -> BM-103 | B85: ='DATA BASE'!H123 -> 0 | C85: ='DATA BASE'!I123 -> 0 | D85: ='DATA BASE'!J123 -> 0 | E85: ='DATA BASE'!K123 -> 0 | F85: ='DATA BASE'!L123 -> 0 | G85: ='DATA BASE'!M123 -> 0 | H85: =G85-D85 -> 0 | I85: BM-6
A86: BM-114 | B86: ='DATA BASE'!H128 -> 50 | C86: ='DATA BASE'!I128 -> 9.7 | D86: ='DATA BASE'!J128 -> 45.15 | E86: ='DATA BASE'!K128 -> 50 | F86: ='DATA BASE'!L128 -> 8.2 | G86: ='DATA BASE'!M128 -> 45.9 | H86: =G86-D86 -> 0.75 | I86: BM-6 | K86: ='DATA BASE'!$O$128 -> 0.57
A87: TOTAL | B87: =SUM(B83:B86) -> 140 | D87: =SUM(D83:D86) -> 85.35 | E87: =SUM(E83:E86) -> 150 | G87: =SUM(G83:G86) -> 71.38 | H87: =SUM(H83:H86) -> -13.97 | K87: =SUM(K83:K86) -> 0.97
A88: 113M-115 | B88: ='DATA BASE'!H61 -> 120 | C88: ='DATA BASE'!I61 -> 90.1 | D88: ='DATA BASE'!J61 -> 11.88 | E88: ='DATA BASE'!K61 -> 120 | F88: ='DATA BASE'!L61 -> 90.1 | G88: ='DATA BASE'!M61 -> 11.88 | H88: =G88-D88 -> 0 | I88: BM-7 | K88: ='DATA BASE'!$O$61 -> 0.39
A89: BM-81 | B89: ='DATA BASE'!H108 -> 100 | C89: ='DATA BASE'!I108 -> 98 | D89: ='DATA BASE'!J108 -> 2 | E89: ='DATA BASE'!K108 -> 100 | F89: ='DATA BASE'!L108 -> 97.6 | G89: ='DATA BASE'!M108 -> 2.4 | H89: =G89-D89 -> 0.4 | I89: BM-7 | K89: ='DATA BASE'!$O$108 -> 0.03
A90: BM-89 | B90: ='DATA BASE'!H113 -> 0 | C90: ='DATA BASE'!I113 -> 92.6 | D90: ='DATA BASE'!J113 -> 0 | E90: ='DATA BASE'!K113 -> 0 | F90: ='DATA BASE'!L113 -> 92.6 | G90: ='DATA BASE'!M113 -> 0 | H90: =G90-D90 -> 0 | I90: BM-7 | K90: ='DATA BASE'!$O$113 -> 0
A91: BM-95H | B91: ='DATA BASE'!H119 -> 35 | C91: ='DATA BASE'!I119 -> 10 | D91: ='DATA BASE'!J119 -> 31.5 | E91: ='DATA BASE'!K119 -> 30 | F91: ='DATA BASE'!L119 -> 0.8 | G91: ='DATA BASE'!M119 -> 29.76 | H91: =G91-D91 -> -1.74 | I91: BM-7 | K91: ='DATA BASE'!$O$119 -> 0.02
A92: BM-115 | B92: ='DATA BASE'!H129 -> 50 | C92: ='DATA BASE'!I129 -> 68.5 | D92: ='DATA BASE'!J129 -> 15.75 | E92: ='DATA BASE'!K129 -> 100 | F92: ='DATA BASE'!L129 -> 68.4 | G92: ='DATA BASE'!M129 -> 31.6 | H92: =G92-D92 -> 15.85 | I92: BM-7 | K92: ='DATA BASE'!$O$129 -> 0.31
A93: ='DATA BASE'!$A$140 -> BM-130 | B93: ='DATA BASE'!H140 -> 120 | C93: ='DATA BASE'!I140 -> 58 | D93: ='DATA BASE'!J140 -> 50.4 | E93: ='DATA BASE'!K140 -> 110 | F93: ='DATA BASE'!L140 -> 49.9 | G93: ='DATA BASE'!M140 -> 55.11 | H93: =G93-D93 -> 4.71 | I93: BM-7
A94: ='DATA BASE'!$A$93 -> BM-46 | B94: ='DATA BASE'!H93 -> 0 | C94: ='DATA BASE'!I93 -> 0 | D94: ='DATA BASE'!J93 -> 0 | E94: ='DATA BASE'!K93 -> 65 | F94: ='DATA BASE'!L93 -> 70.4 | G94: ='DATA BASE'!M93 -> 19.24 | H94: =G94-D94 -> 19.24 | I94: BM-7
A95: BMSW-1 R | B95: ='DATA BASE'!H144 -> 90 | C95: ='DATA BASE'!I144 -> 50 | D95: ='DATA BASE'!J144 -> 45 | E95: ='DATA BASE'!K144 -> 90 | F95: ='DATA BASE'!L144 -> 46.6 | G95: ='DATA BASE'!M144 -> 48.06 | H95: =G95-D95 -> 3.06 | I95: BM-7 | K95: ='DATA BASE'!O144 -> 0.68
A96: BMSW-2 | B96: ='DATA BASE'!H145 -> 0 | C96: ='DATA BASE'!I145 -> 0 | D96: ='DATA BASE'!J145 -> 0 | E96: ='DATA BASE'!K145 -> 40 | F96: ='DATA BASE'!L145 -> 1.2 | G96: ='DATA BASE'!M145 -> 39.52 | H96: =G96-D96 -> 39.52 | I96: BM-7 | K96: ='DATA BASE'!O145 -> 0
A97: TOTAL | B97: =SUM(B88:B96) -> 515 | D97: =SUM(D88:D96) -> 156.53 | E97: =SUM(E88:E96) -> 655 | G97: =SUM(G88:G96) -> 237.57 | H97: =SUM(H88:H96) -> 81.04 | K97: =SUM(K88:K96) -> 1.43
A98: Well NO. | B98: REP. RATE , M3/D | C98: REP.W.C % | D98: REP. NET M3/D | E98: ACT , M3/D2 | F98: ACT.W.C % | G98: ACT NET | H98: DIFF NET , M3/D | I98: PLATF.
A99: BM-15 RE. | B99: ='DATA BASE'!H75 -> 50 | C99: ='DATA BASE'!I75 -> 75 | D99: ='DATA BASE'!J75 -> 12.5 | E99: ='DATA BASE'!K75 -> 50 | F99: ='DATA BASE'!L75 -> 33.1 | G99: ='DATA BASE'!M75 -> 33.45 | H99: =G99-D99 -> 20.95 | I99: BM 15/27 | K99: ='DATA BASE'!$O$75 -> 0.04
A100: BM-27 | B100: ='DATA BASE'!H83 -> 0 | C100: ='DATA BASE'!I83 -> 1.2 | D100: ='DATA BASE'!J83 -> 0 | E100: ='DATA BASE'!K83 -> 0 | F100: ='DATA BASE'!L83 -> 37.6 | G100: ='DATA BASE'!M83 -> 0 | H100: =G100-D100 -> 0 | I100: BM 15/27 | K100: ='DATA BASE'!$O$83 -> 0
...

Sheet total pltf
A2: plt | B2: REP. RATE , M3/D | C2: REP.W.C % | D2: REP. NET M3/D | E2: ACT , M3/D2 | F2: ACT.W.C % | G2: ACT NET | H2: DIFF NET , M3/D | I2: GAS MMS CF/D | J2: PLATF.
A3: M-3 | B3: ='PLT. WELL BLANCE'!B16 -> 0 | D3: ='PLT. WELL BLANCE'!D16 -> 0 | E3: ='PLT. WELL BLANCE'!E16 -> 290 | G3: ='PLT. WELL BLANCE'!G16 -> 129.59 | H3: =G3-D3 -> 129.59 | I3: ='PLT. WELL BLANCE'!$K$16 -> 0 | J3: =VLOOKUP(A3,' Data Lists'!$T$3:$U$31,2,) -> PP2
A4: M-4 | B4: ='PLT. WELL BLANCE'!B23 -> 490 | C4: =(1-D4/B4)*100 -> 74.6 | D4: ='PLT. WELL BLANCE'!D23 -> 124.46 | E4: ='PLT. WELL BLANCE'!E23 -> 410 | F4: =(1-G4/E4)*100 -> 73.358537 | G4: ='PLT. WELL BLANCE'!G23 -> 109.23 | H4: =G4-D4 -> -15.23 | I4: ='PLT. WELL BLANCE'!$K$23 -> 0.62 | J4: =VLOOKUP(A4,' Data Lists'!$T$3:$U$31,2,) -> PP2
A5: M-6 | B5: ='PLT. WELL BLANCE'!B28 -> 140 | C5: =(1-D5/B5)*100 -> 40.8 | D5: ='PLT. WELL BLANCE'!D28 -> 82.88 | E5: ='PLT. WELL BLANCE'!E28 -> 130 | F5: =(1-G5/E5)*100 -> 70.569231 | G5: ='PLT. WELL BLANCE'!G28 -> 38.26 | H5: =G5-D5 -> -44.62 | I5: ='PLT. WELL BLANCE'!$K$28 -> 0.62 | J5: =VLOOKUP(A5,' Data Lists'!$T$3:$U$31,2,) -> PP2
A6: M-7 | B6: ='PLT. WELL BLANCE'!B35 -> 440 | C6: =(1-D6/B6)*100 -> 48.218182 | D6: ='PLT. WELL BLANCE'!D35 -> 227.84 | E6: ='PLT. WELL BLANCE'!E35 -> 420 | F6: =(1-G6/E6)*100 -> 54.930952 | G6: ='PLT. WELL BLANCE'!G35 -> 189.29 | H6: =G6-D6 -> -38.55 | I6: ='PLT. WELL BLANCE'!$K$35 -> 1.424 | J6: =VLOOKUP(A6,' Data Lists'!$T$3:$U$31,2,) -> PP2
A7: M-8 | B7: ='PLT. WELL BLANCE'!B44 -> 560 | C7: =(1-D7/B7)*100 -> 54.321429 | D7: ='PLT. WELL BLANCE'!D44 -> 255.8 | E7: ='PLT. WELL BLANCE'!E44 -> 550 | F7: =(1-G7/E7)*100 -> 58.447273 | G7: ='PLT. WELL BLANCE'!G44 -> 228.54 | H7: =G7-D7 -> -27.26 | I7: ='PLT. WELL BLANCE'!$K$44 -> 1.33 | J7: =VLOOKUP(A7,' Data Lists'!$T$3:$U$31,2,) -> PP2
A8: M-10 | B8: ='PLT. WELL BLANCE'!B46 -> 250 | C8: =(1-D8/B8)*100 -> 84 | D8: ='PLT. WELL BLANCE'!D46 -> 40 | E8: ='PLT. WELL BLANCE'!E46 -> 210 | F8: =(1-G8/E8)*100 -> 79.6 | G8: ='PLT. WELL BLANCE'!G46 -> 42.84 | H8: =G8-D8 -> 2.84 | I8: ='PLT. WELL BLANCE'!$K$46 -> 0.14 | J8: =VLOOKUP(A8,' Data Lists'!$T$3:$U$31,2,) -> PP2/PP3
A9: M-35 | B9: ='PLT. WELL BLANCE'!B67 -> 0 | D9: ='PLT. WELL BLANCE'!D67 -> 0 | E9: ='PLT. WELL BLANCE'!E67 -> 200 | G9: ='PLT. WELL BLANCE'!G67 -> 5.6 | H9: =G9-D9 -> 5.6 | I9: ='PLT. WELL BLANCE'!$K$67 -> 0 | J9: =VLOOKUP(A9,' Data Lists'!$T$3:$U$31,2,) -> PP2
A10: CL-12 | B10: ='PLT. WELL BLANCE'!B69 -> 0 | D10: ='PLT. WELL BLANCE'!D69 -> 0 | E10: ='PLT. WELL BLANCE'!E69 -> 35 | F10: =(1-G10/E10)*100 -> 67.8 | G10: ='PLT. WELL BLANCE'!G69 -> 11.27 | H10: =G10-D10 -> 11.27 | I10: ='PLT. WELL BLANCE'!$K$69 -> 0 | J10: =VLOOKUP(A10,' Data Lists'!$T$3:$U$31,2,) -> PP2
A11: BM-1 | B11: ='PLT. WELL BLANCE'!B77 -> 300 | C11: =(1-D11/B11)*100 -> 12.666667 | D11: ='PLT. WELL BLANCE'!D77 -> 262 | E11: ='PLT. WELL BLANCE'!E77 -> 310 | F11: =(1-G11/E11)*100 -> 12.125806 | G11: ='PLT. WELL BLANCE'!G77 -> 272.41 | H11: =G11-D11 -> 10.41 | I11: ='PLT. WELL BLANCE'!$K$77 -> 0.22 | J11: =VLOOKUP(A11,' Data Lists'!$T$3:$U$31,2,) -> PP2
A12: BM-6 | B12: ='PLT. WELL BLANCE'!B87 -> 140 | C12: =(1-D12/B12)*100 -> 39.035714 | D12: ='PLT. WELL BLANCE'!D87 -> 85.35 | E12: ='PLT. WELL BLANCE'!E87 -> 150 | F12: =(1-G12/E12)*100 -> 52.413333 | G12: ='PLT. WELL BLANCE'!G87 -> 71.38 | H12: =G12-D12 -> -13.97 | I12: ='PLT. WELL BLANCE'!$K$87 -> 0.97 | J12: =VLOOKUP(A12,' Data Lists'!$T$3:$U$31,2,) -> PP2
A13: BM-7 | B13: ='PLT. WELL BLANCE'!B97 -> 515 | C13: =(1-D13/B13)*100 -> 69.605825 | D13: ='PLT. WELL BLANCE'!D97 -> 156.53 | E13: ='PLT. WELL BLANCE'!E97 -> 655 | F13: =(1-G13/E13)*100 -> 63.729771 | G13: ='PLT. WELL BLANCE'!G97 -> 237.57 | H13: =G13-D13 -> 81.04 | I13: ='PLT. WELL BLANCE'!$K$97 -> 1.43 | J13: =VLOOKUP(A13,' Data Lists'!$T$3:$U$31,2,) -> PP2
A14: BM 15/27 | B14: ='PLT. WELL BLANCE'!B101 -> 50 | C14: =(1-D14/B14)*100 -> 75 | D14: ='PLT. WELL BLANCE'!D101 -> 12.5 | E14: ='PLT. WELL BLANCE'!E101 -> 50 | F14: =(1-G14/E14)*100 -> 33.1 | G14: ='PLT. WELL BLANCE'!G101 -> 33.45 | H14: =G14-D14 -> 20.95 | I14: ='PLT. WELL BLANCE'!$K$101 -> 0.04 | J14: =VLOOKUP(A14,' Data Lists'!$T$3:$U$31,2,) -> PP2
A15: BM 23/25 | B15: ='PLT. WELL BLANCE'!B109 -> 400 | C15: =(1-D15/B15)*100 -> 100 | D15: ='PLT. WELL BLANCE'!D109 -> 0 | E15: ='PLT. WELL BLANCE'!E109 -> 400 | F15: =(1-G15/E15)*100 -> 97.5 | G15: ='PLT. WELL BLANCE'!G109 -> 10 | H15: =G15-D15 -> 10 | I15: ='PLT. WELL BLANCE'!$K$109 -> 0.05 | J15: =VLOOKUP(A15,' Data Lists'!$T$3:$U$31,2,) -> PP2
A16: BMNE-1 | B16: ='PLT. WELL BLANCE'!B111 -> 0 | D16: ='PLT. WELL BLANCE'!D111 -> 0 | E16: ='PLT. WELL BLANCE'!E111 -> 80 | G16: ='PLT. WELL BLANCE'!G111 -> 14.32 | H16: =G16-D16 -> 14.32 | I16: ='PLT. WELL BLANCE'!$K$112 -> 0 | J16: =VLOOKUP(A16,' Data Lists'!$T$3:$U$31,2,) -> PP2
A17: MWP-1 | B17: ='PLT. WELL BLANCE'!B118 -> 260 | C17: =(1-D17/B17)*100 -> 50.565385 | D17: ='PLT. WELL BLANCE'!D118 -> 128.53 | E17: ='PLT. WELL BLANCE'!E118 -> 260 | F17: =(1-G17/E17)*100 -> 52.307692 | G17: ='PLT. WELL BLANCE'!G118 -> 124 | H17: =G17-D17 -> -4.53 | I17: ='PLT. WELL BLANCE'!$K$118 -> 0.56 | J17: =VLOOKUP(A17,' Data Lists'!$T$3:$U$31,2,) -> PP2
A18: TOTAL | B18: =SUM(B3:B17) -> 3545 | C18: =(1-D18/B18)*100 -> 61.18787 | D18: =SUM(D3:D17) -> 1375.89 | E18: =SUM(E3:E17) -> 4150 | F18: =(1-G18/E18)*100 -> 63.427711 | G18: =SUM(G3:G17) -> 1517.75 | I18: =SUM(I3:I17) -> 7.404
B19: =B18*6.289 -> 22294.505 | C19: =(1-D19/B19)*100 -> 61.18787 | D19: =D18*6.289 -> 8652.9722 | E19: =E18*6.289 -> 26099.35 | F19: =(1-G19/E19)*100 -> 63.427711 | G19: =G18*6.289 -> 9545.1297 | J19: BBL
A20: M-1 | B20: ='PLT. WELL BLANCE'!B7 -> 445 | C20: =(1-D20/B20)*100 -> 56.089888 | D20: ='PLT. WELL BLANCE'!D7 -> 195.4 | E20: ='PLT. WELL BLANCE'!E7 -> 455 | F20: =(1-G20/E20)*100 -> 46.832967 | G20: ='PLT. WELL BLANCE'!G7 -> 241.91 | H20: =G20-D20 -> 46.51 | I20: ='PLT. WELL BLANCE'!$K$7 -> 0.13 | J20: =VLOOKUP(A20,' Data Lists'!$T$3:$U$31,2,) -> PP2/PP3
A21: M-2 | B21: ='PLT. WELL BLANCE'!B12 -> 830 | C21: =(1-D21/B21)*100 -> 47.925301 | D21: ='PLT. WELL BLANCE'!D12 -> 432.22 | E21: ='PLT. WELL BLANCE'!E12 -> 810 | F21: =(1-G21/E21)*100 -> 85.980864 | G21: ='PLT. WELL BLANCE'!G12 -> 113.555 | H21: =G21-D21 -> -318.665 | I21: ='PLT. WELL BLANCE'!$K$12 -> 0.6 | J21: =VLOOKUP(A21,' Data Lists'!$T$3:$U$31,2,) -> PP3
A22: CL 18/20 | B22: ='PLT. WELL BLANCE'!B60 -> 1175 | C22: =(1-D22/B22)*100 -> 62.091915 | D22: ='PLT. WELL BLANCE'!D60 -> 445.42 | E22: ='PLT. WELL BLANCE'!E60 -> 1480 | F22: =(1-G22/E22)*100 -> 66.608784 | G22: ='PLT. WELL BLANCE'!G60 -> 494.19 | H22: =G22-D22 -> 48.77 | I22: ='PLT. WELL BLANCE'!$K$60 -> 1.642 | J22: =VLOOKUP(A22,' Data Lists'!$T$3:$U$31,2,) -> PP3
A23: M-26 | B23: ='PLT. WELL BLANCE'!B64 -> 380 | C23: =(1-D23/B23)*100 -> 54.389474 | D23: ='PLT. WELL BLANCE'!D64 -> 173.32 | E23: ='PLT. WELL BLANCE'!E64 -> 315 | F23: =(1-G23/E23)*100 -> 36.673016 | G23: ='PLT. WELL BLANCE'!G64 -> 199.48 | H23: =G23-D23 -> 26.16 | I23: ='PLT. WELL BLANCE'!$K$64 -> 0.37 | J23: =VLOOKUP(A23,' Data Lists'!$T$3:$U$31,2,) -> PP3
A24: SCP-2 | B24: ='PLT. WELL BLANCE'!B174 -> 170 | C24: =(1-D24/B24)*100 -> 67.058824 | D24: ='PLT. WELL BLANCE'!D174 -> 56 | E24: ='PLT. WELL BLANCE'!E174 -> 155 | F24: =(1-G24/E24)*100 -> 69.932258 | G24: ='PLT. WELL BLANCE'!G174 -> 46.605 | H24: =G24-D24 -> -9.395 | I24: ='PLT. WELL BLANCE'!$K$174 -> 0.41 | J24: =VLOOKUP(A24,' Data Lists'!$T$3:$U$31,2,) -> PP3
A25: MWP-2 | B25: ='PLT. WELL BLANCE'!B125 -> 935 | C25: =(1-D25/B25)*100 -> 66.675936 | D25: ='PLT. WELL BLANCE'!D125 -> 311.58 | E25: ='PLT. WELL BLANCE'!E125 -> 940 | F25: =(1-G25/E25)*100 -> 78.844681 | G25: ='PLT. WELL BLANCE'!G125 -> 198.86 | H25: =G25-D25 -> -112.72 | I25: ='PLT. WELL BLANCE'!$K$125 -> 0.95 | J25: =VLOOKUP(A25,' Data Lists'!$T$3:$U$31,2,) -> PP3
A26: TOTAL | B26: =SUM(B20:B25) -> 3935 | C26: =(1-D26/B26)*100 -> 58.985006 | D26: =SUM(D20:D25) -> 1613.94 | E26: =SUM(E20:E25) -> 4155 | F26: =(1-G26/E26)*100 -> 68.842359 | G26: =SUM(G20:G25) -> 1294.6 | I26: =SUM(I20:I25) -> 4.102 | J26: M3
B27: =B26*6.289 -> 24747.215 | C27: =(1-D27/B27)*100 -> 58.985006 | D27: =D26*6.289 -> 10150.069 | E27: =E26*6.289 -> 26130.795 | F27: =(1-G27/E27)*100 -> 68.842359 | G27: =G26*6.289 -> 8141.7394 | J27: BBL
A28: BM-3 | B28: ='PLT. WELL BLANCE'!B82 -> 290 | C28: =(1-D28/B28)*100 -> 45.310345 | D28: ='PLT. WELL BLANCE'!D82 -> 158.6 | E28: ='PLT. WELL BLANCE'!E82 -> 300 | F28: =(1-G28/E28)*100 -> 48.94 | G28: ='PLT. WELL BLANCE'!G82 -> 153.18 | H28: =G28-D28 -> -5.42 | I28: ='PLT. WELL BLANCE'!$K$82 -> 1.05 | J28: =VLOOKUP(A28,' Data Lists'!$T$3:$U$31,2,) -> D10
A29: BMNW-1 | B29: ='PLT. WELL BLANCE'!B107 -> 40 | C29: =(1-D29/B29)*100 -> 37 | D29: ='PLT. WELL BLANCE'!D107 -> 25.2 | E29: ='PLT. WELL BLANCE'!E107 -> 120 | F29: =(1-G29/E29)*100 -> 71 | G29: ='PLT. WELL BLANCE'!G107 -> 34.8 | H29: =G29-D29 -> 9.6 | I29: ='PLT. WELL BLANCE'!$K$107 -> 0 | J29: =VLOOKUP(A29,' Data Lists'!$T$3:$U$31,2,) -> D10
A30: MWP-3 | B30: ='PLT. WELL BLANCE'!B137 -> 410 | C30: =(1-D30/B30)*100 -> 36.258537 | D30: ='PLT. WELL BLANCE'!D137 -> 261.34 | E30: ='PLT. WELL BLANCE'!E137 -> 480 | F30: =(1-G30/E30)*100 -> 51.241667 | G30: ='PLT. WELL BLANCE'!G137 -> 234.04 | H30: =G30-D30 -> -27.3 | I30: ='PLT. WELL BLANCE'!$K$137 -> 2.35 | J30: =VLOOKUP(A30,' Data Lists'!$T$3:$U$31,2,) -> D10
A31: MWP-4 | B31: ='PLT. WELL BLANCE'!B144 -> 520 | C31: =(1-D31/B31)*100 -> 92.401923 | D31: ='PLT. WELL BLANCE'!D144 -> 39.51 | E31: ='PLT. WELL BLANCE'!E144 -> 505 | F31: =(1-G31/E31)*100 -> 88.30396 | G31: ='PLT. WELL BLANCE'!G144 -> 59.065 | H31: =G31-D31 -> 19.555 | I31: ='PLT. WELL BLANCE'!$K$144 -> 0.68 | J31: =VLOOKUP(A31,' Data Lists'!$T$3:$U$31,2,) -> D10
A32: MWP-5 | B32: ='PLT. WELL BLANCE'!B159 -> 1200 | C32: =(1-D32/B32)*100 -> 56.948333 | D32: ='PLT. WELL BLANCE'!D159 -> 516.62 | E32: ='PLT. WELL BLANCE'!E159 -> 1265 | F32: =(1-G32/E32)*100 -> 55.44664 | G32: ='PLT. WELL BLANCE'!G159 -> 563.6 | H32: =G32-D32 -> 46.98 | I32: ='PLT. WELL BLANCE'!$K$159 -> 2.82 | J32: =VLOOKUP(A32,' Data Lists'!$T$3:$U$31,2,) -> D10
A33: SCP-1 | B33: ='PLT. WELL BLANCE'!B169 -> #REF! | C33: =(1-D33/B33)*100 -> #REF! | D33: ='PLT. WELL BLANCE'!D169 -> #REF! | E33: ='PLT. WELL BLANCE'!E169 -> #REF! | F33: =(1-G33/E33)*100 -> #REF! | G33: ='PLT. WELL BLANCE'!G169 -> #REF! | H33: =G33-D33 -> #REF! | I33: ='PLT. WELL BLANCE'!$K$169 -> #REF! | J33: =VLOOKUP(A33,' Data Lists'!$T$3:$U$31,2,) -> D10
A34: TOTAL | B34: =SUM(B28:B33) -> #REF! | C34: =(1-D34/B34)*100 -> #REF! | D34: =SUM(D28:D33) -> #REF! | E34: =SUM(E28:E33) -> #REF! | F34: =(1-G34/E34)*100 -> #REF! | G34: =SUM(G28:G33) -> #REF! | I34: =SUM(I28:I33) -> #REF! | J34: M3
B35: =B34*6.289 -> #REF! | C35: =(1-D35/B35)*100 -> #REF! | D35: =D34*6.289 -> #REF! | E35: =E34*6.289 -> #REF! | F35: =(1-G35/E35)*100 -> #REF! | G35: =G34*6.289 -> #REF! | J35: BBL
A36: R/G | B36: ='PLT. WELL BLANCE'!B181 -> 1600 | C36: ='PLT. WELL BLANCE'!C181 -> 0 | D36: ='PLT. WELL BLANCE'!D181 -> 190.9 | E36: ='PLT. WELL BLANCE'!E181 -> 1700 | F36: =(1-G36/E36)*100 -> 88.167059 | G36: ='PLT. WELL BLANCE'!G181 -> 201.16 | H36: =G36-D36 -> 10.26 | I36: ='PLT. WELL BLANCE'!$K$181 -> 1.27 | J36: =VLOOKUP(A36,' Data Lists'!$T$3:$U$31,2,) -> R/G
A39: MARINE + R/G : REP. GROSS | C39: =B36+B33+B32+B31+B30+B29+B28+B25+B23+B22+B21+B20+B17+B16+B15+B14+B13+B12+B11+B10+B8+B7+B6+B5+B4+B3+B24 -> #REF! | E39: M3/D | F39: =C39*6.289 -> #REF! | H39: BBLS/D
A40: TOTAL MARINE REP NET | C40: =D36+D33+D32+D31+D30+D29+D28+D25+D23+D22+D21+D20+D17+D16+D15+D14+D13+D12+D11+D10+D9+D8+D7+D6+D5+D4+D3+D24 -> #REF! | E40: M3/D | F40: =C40*6.283 -> #REF! | H40: BBLS/D
A41: TOTAL MARINE ACT GROSS | C41: =E36+E33+E32+E31+E30+E29+E28+E25+E23+E22+E21+E20+E17+E16+E15+E14+E13+E12+E11+E10+E9+E8+E7+E6+E5+E4+E3+E24 -> #REF! | E41: M3/D | F41: =C41*6.289 -> #REF! | H41: BBLS/D
A42: TOTAL MARINE ACT NET | C42: =G36+G33+G32+G31+G30+G29+G28+G25+G23+G22+G21+G20+G17+G16+G15+G14+G13+G12+G11+G10+G9+G8+G7+G6+G5+G4+G3+G24 -> #REF! | E42: M3/D | F42: =C42*6.289 -> #REF! | H42: BBLS/D
A43: RAS GARA ACT NET | C43: =G32 -> 563.6 | E43: M3/D | F43: =C43*6.289 -> 3544.4804 | H43: BBLS/D
A44: BELAYIM ACT NET | C44: =C42-C43 -> #REF! | E44: M3/D | F44: =C44*6.289 -> #REF! | H44: BBLS/D
A45: TOTAL PRODUCED WATER | C45: =C41-C42 -> #REF! | E45: M3/D | F45: =C45*6.289 -> #REF! | H45: BBLS/D
A46: DIFF MARINE ACT. , REP. NET | C46: =C40-C42 -> #REF! | E46: M3/D | F46: =C46*6.289 -> #REF! | H46: BBLS/D

Sheet  Data Lists
B2: Well | C2: Statuses | D2: PLATFORM | E2: LOCATION | F2: DH Control Line | G2: Failure Types | H2: DH Pump | I2: DH Pump Size | J2: Tubing Size | K2: shut down reason | L2: Stroke Length | M2: SUB-MARINE CABLE | N2: Panel Type | O2: CHEMICAL TYPE | P2: EARHTED CABLE | Q2: Reporting Status | R2: SUBSTATION | T2: LOCATION | U2: PLATFORM | Z2: LOCATION | AA2: SIGNAL LIGHT
B3: 113M-01 RE. | C3: Producer | D3: PP3 | E3: M-1 | F3: Yes | G3: KEEP PINCHING | H3: AN500 | I3: 1.25 | J3: 2.875 | K3: PROD. | L3: 192 | M3: SUB MARINE | N3: VSD | O3: CORRISON | P3: YES | Q3: Reported | R3: pp3 | T3: M-1 | U3: PP2/PP3 | Z3: M-1 | AA3: IN SERVICE
B4: 113M-02 | C4: Waiting Work Over | D4: PP2 | E4: M-2 | F4: No | H4: AN550 | I4: 1.5 | J4: 3.5 | K4: W/OUT REC | L4: 169 | M4: REDA | N4: TRANSFORMER | O4: ….... | P4: …... | Q4: Not Reported | R4: pp2 | T4: M-2 | U4: PP3 | Z4: M-2 | AA4: IN SERVICE
B5: 113M-03 | C5: Producer | D5: PP2 | E5: M-3 | K5: D.H.C.S
B6: 113M-04 | C6: Rig On | D6: D-10 | E6: M-3 | H6: B338-400 | I6: 1.75 | K6: R. LEAK | L6: 168 | N6: DOL | O6: H2S | P6: NO | R6: F-10 | T6: M-3 | U6: PP2 | Z6: M-3 | AA6: OUT OF SERVICE
B7: 113M-08 BIS | C7: Under Investigation | D7: M-8 | E7: M-4 | H7: B330-550 | I7: 2 | K7: L. LEAK | L7: 145 | O7: DEMLUSIFER | R7: D-10 | T7: M-4 | U7: PP2 | Z7: M-4 | AA7: IN SERVICE
B8: 113M-18 | D8: CL18/20 | E8: M-6 | H8: B400-500 | I8: 2.25 | K8: RIG ON/D | L8: 99 | R8: MWP-2 | T8: M-6 | U8: PP2 | Z8: M-6 | AA8: IN SERVICE
B9: 113M-26 | E9: M-7 | H9: B400-700 | I9: 2.5 | K9: RIG ON/R | L9: 124 | R9: MWP-3 | T9: M-7 | U9: PP2 | Z9: M-7 | AA9: IN SERVICE
B10: 113M-29 | E10: M-8 | H10: B400-1050 | I10: 2.75 | R10: MWP-4 | T10: M-8 | U10: PP2 | Z10: M-8 | AA10: OUT OF SERVICE
B11: 113M-30 | E11: M-10 | H11: B400-1250 | R11: RLP | T11: M-10 | U11: PP2/PP3 | Z11: M-10 | AA11: OUT OF SERVICE
B12: 113M-35 | E12: CL 18/20 | H12: B400-1750 | R12: SCP-1 | T12: CL 18/20 | U12: PP3 | Z12: CL 18/20 | AA12: IN SERVICE
B13: 113M-40 | E13: M-26 | H13: B513-3100 | R13: R/G | T13: M-26 | U13: PP3 | Z13: M-26 | AA13: OUT OF SERVICE
B14: 113M-42 | E14: M-35 | H14: B513-3900 | T14: M-35 | U14: PP2 | Z14: M-35 | AA14: OUT OF SERVICE
B15: 113M-45 | E15: CL-12 | H15: B513-6000 | T15: CL-12 | U15: PP2 | Z15: CL-12 | AA15: IN SERVICE
B16: 113M-46 | E16: BM-1 | H16: B516-1600 | T16: BM-1 | U16: PP2 | Z16: BM-1 | AA16: IN SERVICE
B17: 113M-48 | E17: BM-3 | H17: D460N | T17: BM-3 | U17: D10 | Z17: BM-3 | AA17: IN SERVICE
B18: 113M-49 | E18: BM-6 | H18: D800N | T18: BM-6 | U18: PP2 | Z18: BM-6 | AA18: OUT OF SERVICE
B19: 113M-50 | E19: BM-7 | H19: D1050N | T19: BM-7 | U19: PP2 | Z19: BM-7 | AA19: IN SERVICE
B20: 113M-55 | E20: BM 15/27 | H20: D1150N | T20: BM 15/27 | U20: PP2 | Z20: BM 15/27 | AA20: OUT OF SERVICE
B21: 113M-57 | E21: BMNW-1 | H21: DN-460 | T21: BMNW-1 | U21: D10 | Z21: BMNW-1 | AA21: IN SERVICE
B22: 113M-58 | E22: BM 23/25 | H22: DN-475 | T22: BM 23/25 | U22: PP2 | Z22: BM 23/25 | AA22: OUT OF SERVICE
B23: 113M-59 | E23: BMNE-1 | H23: DN-800 | T23: BMNE-1 | U23: PP2 | Z23: BMNE-1 | AA23: IN SERVICE
B24: 113M-65 | E24: MWP-1 | H24: DN-1050 | T24: MWP-1 | U24: PP2 | Z24: MWP-1 | AA24: IN SERVICE
B25: 113M-66 | E25: MWP-2 | H25: FLEX 3.2 | T25: MWP-2 | U25: PP3 | Z25: MWP-2 | AA25: IN SERVICE
... B31: 113M-74 | E31: R/G | H31: GC-2200 | T31: R/G | U31: R/G | Z31: R/G | AA31: IN SERVICE
B32: 113M-76 | H32: GC-3500
B33: 113M-77 H | H33: GN-1600
B34: 113M-78 | H34: GN-2100
B35: 113M-79 | H35: GN-3200
B36: 113M-80 | H36: P-3
B37: 113M-81 | H37: P-4
B38: 113M-82 | H38: P-6
B39: 113M-83 | H39: P-8
B40: 113M-84 | H40: P-10
B41: 113M-85
B42: 113M-86 | H42: P-18
B43: 113M-87 | H43: PMX H6
B44: 113M-91 | H44: WD-450
B45: 113M-94 | H45: WD450+TT74:T126
B46: 113M-96 | H46: WD-650
B47: 113M-97 | H47: WD-850
B48: 113M-99 | H48: WD-1300
B49: 113M-100 | H49: WD-1600
B50: 113M-101 | H50: WD-1750
B51: 113M-103 | H51: WD1200MF
B52: 113M-107 | H52: WF-400
B53: 113M-109 | H53: WF400-500
... B57: 113M-115 | H57: WG-3200
B58: 113M-116
B59: 113M-117
B60: 113M-118
B61: 113M-119
B62: 113M-120
B63: 113M-121
B64: 113M-122
B65: 113M-123
B66: 113M-124
B67: 113M-125
B68: 113M-126
B69: 113M-128
... B127: BM-119
B128: BM-120 | C128: Producer | D128: D-10 | E128: MWP-4 | F128: Yes | G128: KEEP PINCHING | H128: WF400-500
B129: BM-121 | C129: Producer | D129: D-10 | E129: MWP-4 | F129: Yes | G129: KEEP PINCHING | H129: WG-1600
B130: BM-122 | C130: Producer | D130: D-10 | E130: MWP-4 | F130: Yes | G130: KEEP PINCHING | H130: WG-1750
B131: BM-123 | C131: Producer | D131: PP2 | E131: BM-1 | F131: Yes | G131: KEEP PINCHING | H131: WG-1750
B132: BM-124 | C132: Producer
B133: BM-125 | C133: Producer
B134: BM-126 | C134: Producer
B135: BM-127 | C135: Producer
B136: BM-130 | C136: Producer
B137: BM-133 | C137: Producer
B138: BMNW-04 | C138: Producer
B139: BMNW-05 | C139: Producer
B140: BMSW-1 R | C140: Producer
B141: BMSW-2 | C141: Producer
B142: BMNE-1 | C142: Producer
B143: BMNE-2 | C143: Producer
... B146: SINAI-06 | C146: Producer
B147: SINAI-07
B148: SINAI-08
B149: SINAI-09
